src,dst
1,20258
2,62158
4,67815
6,8046
9,9066
10,20490
11,28276
12,69287
15,66319
17,64387
21,9251
23,63450
26,87156
27,40526
28,40912
30,3017
33,28218
37,21863
38,3019
39,28336
41,2331
44,28212
46,67696
47,8556
50,28194
54,20484
55,3015
58,68772
59,33480
60,63555
62,50760
72,20492
74,3190
75,62398
77,38335
78,26936
79,38369
85,9286
86,28979
87,90673
93,68858
94,20262
109,8579
111,8172
113,28332
118,21498
119,65955
120,38519
121,26618
122,33482
124,79731
125,62173
126,28210
127,19424
129,26938
131,18402
132,28977
133,63580
135,20260
136,80769
138,80431
141,22100
143,80472
144,64646
147,18602
148,67588
150,66066
157,35289
158,50757
159,20488
160,28226
161,28329
162,64717
169,62698
170,63188
176,8944
179,68821
182,87259
183,32759
188,20256
200,31779
201,68576
203,66382
206,28220
207,79721
210,28334
213,33251
215,21859
216,19816
218,33486
219,28325
220,50292
221,14288
223,112518
225,70908
229,16297
231,7381
233,38878
234,76632
236,40843
237,3013
240,18561
243,10765
246,6137
250,63474
251,43068
255,63363
256,31983
257,32804
260,66323
263,2417
272,28273
274,65033
275,18573
280,65151
281,38823
283,20494
284,61833
288,28216
289,79440
290,28270
294,41309
295,20541
296,65149
299,61383
303,62078
304,113470
305,21857
307,4037
308,61388
309,73482
310,51631
313,37603
319,65294
321,20264
322,13030
323,28900
325,79473
328,28305
329,64824
333,64391
334,46725
336,59373
337,63459
338,32514
340,8577
345,65560
346,65571
347,65622
349,65155
353,48003
354,67822
355,28280
356,28453
357,65139
358,9861
359,28667
361,28266
362,69060
368,80690
369,80679
377,63410
378,17765
379,50711
383,33253
384,47335
386,28927
387,65823
391,40915
397,69301
398,2601
399,65742
401,63404
402,16367
403,14282
405,28902
409,65137
411,80688
414,64377
419,69311
420,62162
421,68063
423,62164
425,21883
427,64221
429,65141
430,14121
436,28303
438,68977
441,66542
442,28794
443,31288
446,63087
448,80394
449,15345
451,21867
454,65147
462,68614
463,40435
465,61881
467,65135
469,33488
473,92319
481,28411
486,35793
489,62169
492,33729
493,31987
495,40433
498,68627
499,65588
501,38344
505,8946
507,41299
508,14115
509,28259
516,90804
517,68750
518,63299
523,99291
525,9210
529,20486
530,80677
531,68712
532,69052
533,40834
534,40431
538,15654
540,15332
541,55903
546,63563
550,64665
551,65511
553,80776
554,28261
558,40523
559,62688
560,65331
562,79744
563,62404
564,38880
565,28268
569,58823
572,63374
575,68621
579,80774
580,63310
585,62885
586,65323
587,86028
589,61386
591,28792
592,28774
594,65337
595,62233
597,62620
601,68824
603,40438
605,94287
608,80705
617,19849
619,90946
620,66505
621,28535
622,65167
623,62166
628,32711
631,30438
632,40521
634,63406
636,33484
640,99598
641,80780
642,8362
648,65326
652,18635
653,70887
656,62322
661,93186
663,28282
667,68570
668,62332
675,65816
676,35463
688,71183
694,47332
702,67080
704,92489
708,38342
717,62160
720,28278
721,62442
722,67819
725,65328
726,10756
730,64374
731,28224
732,79086
733,74031
735,80778
737,68540
738,29148
740,65169
742,10273
753,29931
759,22111
760,87546
764,79453
769,28297
771,69108
779,63090
781,47317
783,63445
785,41502
788,62936
801,84223
802,65145
804,40683
805,45196
807,8842
808,50413
809,62406
810,65209
813,30618
820,68986
825,28241
826,57082
829,65339
830,40832
831,63426
832,80782
839,25280
847,21881
849,66321
850,9856
854,62518
856,38517
863,68962
865,40440
869,28929
873,68411
875,37600
885,22275
886,50297
887,50528
890,47851
905,79438
912,67118
913,81216
914,65334
926,40836
927,48858
934,65352
938,66456
939,80695
942,60291
943,63413
945,65143
951,34386
956,76941
957,45325
958,46787
959,63109
960,41459
964,61113
967,14286
968,13642
970,21865
975,28327
978,45728
979,65020
980,41631
983,34122
985,34124
988,68903
989,14609
993,90223
994,68971
995,40944
1004,80709
1009,81338
1011,79213
1016,69281
1031,21879
1033,69285
1037,16420
1040,63342
1047,17909
1048,43801
1049,81196
1050,38034
1052,67590
1054,35251
1055,103651
1057,68892
1058,66841
1071,36190
1075,62913
1077,65704
1080,28239
1081,47986
1084,68991
1095,67813
1097,68780
1109,80392
1114,68537
1130,56102
1134,72538
1139,66443
1140,80707
1143,79083
1147,92270
1149,99341
1150,65071
1154,41313
1156,64948
1166,80475
1168,21796
1171,47321
1174,66013
1183,68535
1184,62891
1185,55645
1187,47936
1191,66521
1202,79219
1205,62893
1211,67694
1212,23848
1213,64735
1217,41311
1218,66386
1220,65508
1224,24436
1231,49035
1233,80368
1234,71876
1235,32012
1239,25853
1240,66020
1242,40845
1243,68610
1246,44122
1257,92037
1259,27857
1262,27149
1284,65974
1290,67811
1293,63296
1294,63376
1295,103290
1297,29830
1299,81698
1305,79309
1308,30241
1309,30454
1319,80693
1321,65318
1322,38858
1325,32458
1327,65320
1334,38855
1338,65172
1343,37551
1344,34388
1345,35244
1356,38860
1362,35734
1364,38851
1368,80685
1374,37549
1375,54838
1382,38473
1386,52881
1388,49843
1395,68567
1396,40690
1398,40825
1402,51609
1414,44696
1423,65305
1424,44810
1425,44824
1428,45495
1433,46133
1435,46637
1436,46727
1437,46732
1444,47834
1449,65309
1453,49005
1454,69007
1457,49116
1462,77455
1463,68616
1466,49879
1469,50294
1473,86514
1480,51550
1482,51602
1483,51952
1484,56647
1485,52549
1487,52547
1495,54602
1501,55972
1502,55697
1503,56028
1530,62155
1532,103049
1534,60287
1545,61120
1549,61586
1552,62978
1553,62980
1554,67698
1558,62701
1560,62343
1561,63421
1565,62934
1567,63265
1568,65535
1573,80671
1579,81363
1581,80681
1582,64367
1585,65303
1587,64871
1590,64946
1591,65076
1592,69057
1593,64995
1597,66452
1599,68668
1601,81232
1602,80667
1603,67809
1604,67110
1605,67217
1611,76604
1613,80669
1616,68561
1619,79198
1620,99045
1623,68981
1624,68979
1625,69044
1626,69079
1628,69199
1629,73839
1634,69680
1637,71400
1640,74455
1643,71181
1646,81234
1647,71821
1653,73934
1654,74428
1656,99539
1658,74430
1659,72984
1660,74457
1661,73890
1662,73443
1670,79672
1673,80661
1676,80766
1677,80665
1678,80663
1684,80673
1708,85832
1710,85829
1713,82619
1718,85823
1721,86337
1723,86549
1724,86507
1735,88969
1759,93050
1763,93739
1773,96235
1775,96219
1783,104826
1784,97865
1787,99142
1791,100217
1800,102938
1810,109442
1819,107659
1820,107801
1822,108053
1829,109367
1839,111165
1849,112069
1850,112071
1859,114058
