topology,query,pattern,true_cardinality,time_s,status,error
Chain_12,0,Chain_12/0,120642719,0.693024,ok,
Chain_12,1,Chain_12/1,82874485,0.608634,ok,
Chain_12,2,Chain_12/2,30345854,1.231333,ok,
Chain_12,3,Chain_12/3,16732,0.156192,ok,
Chain_12,4,Chain_12/4,98804,0.155676,ok,
Chain_12,5,Chain_12/5,4220494,0.598229,ok,
Chain_12,6,Chain_12/6,57699,0.248166,ok,
Chain_12,7,Chain_12/7,35411,0.353727,ok,
Chain_12,8,Chain_12/8,91339,0.096572,ok,
Chain_12,9,Chain_12/9,26611,0.346298,ok,
Chain_12,10,Chain_12/10,17674,0.259814,ok,
Chain_12,11,Chain_12/11,96228,0.133389,ok,
Chain_12,12,Chain_12/12,92818,0.333572,ok,
Chain_12,13,Chain_12/13,13903,0.152795,ok,
Chain_12,14,Chain_12/14,146318,0.334609,ok,
Chain_12,15,Chain_12/15,571960,0.187091,ok,
Chain_12,16,Chain_12/16,568298,0.103605,ok,
Chain_12,17,Chain_12/17,4785048652,21.957097,ok,
Chain_12,18,Chain_12/18,104908,0.345913,ok,
Chain_12,19,Chain_12/19,459978,0.157864,ok,
Chain_12,20,Chain_12/20,110522,0.198275,ok,
Chain_12,21,Chain_12/21,4785048652,21.897672,ok,
Chain_12,22,Chain_12/22,302861,0.264498,ok,
Chain_12,23,Chain_12/23,110522,0.182923,ok,
Chain_12,24,Chain_12/24,82874485,0.610090,ok,
Chain_12,25,Chain_12/25,55731657,0.592326,ok,
Chain_3,0,Chain_3/0,563422,0.070418,ok,
Chain_3,1,Chain_3/1,563422,0.084209,ok,
Chain_3,2,Chain_3/2,563422,0.071134,ok,
Chain_3,3,Chain_3/3,563422,0.082315,ok,
Chain_3,4,Chain_3/4,62674,0.076919,ok,
Chain_3,5,Chain_3/5,563422,0.063765,ok,
Chain_3,6,Chain_3/6,563422,0.085358,ok,
Chain_3,7,Chain_3/7,563422,0.067255,ok,
Chain_3,8,Chain_3/8,378,0.041255,ok,
Chain_3,9,Chain_3/9,378,0.040323,ok,
Chain_3,10,Chain_3/10,563422,0.068570,ok,
Chain_3,11,Chain_3/11,563422,0.069502,ok,
Chain_3,12,Chain_3/12,563422,0.067496,ok,
Chain_3,13,Chain_3/13,378,0.041419,ok,
Chain_3,14,Chain_3/14,378,0.038148,ok,
Chain_3,15,Chain_3/15,378,0.041472,ok,
Chain_3,16,Chain_3/16,378,0.039208,ok,
Chain_3,17,Chain_3/17,563422,0.084587,ok,
Chain_3,18,Chain_3/18,378,0.039625,ok,
Chain_3,19,Chain_3/19,358,0.053031,ok,
Chain_3,20,Chain_3/20,563422,0.065621,ok,
Chain_3,21,Chain_3/21,1658,0.064688,ok,
Chain_3,22,Chain_3/22,1658,0.061815,ok,
Chain_3,23,Chain_3/23,563422,0.078866,ok,
Chain_3,24,Chain_3/24,563422,0.087973,ok,
Chain_3,25,Chain_3/25,1658,0.067718,ok,
Chain_3,26,Chain_3/26,1658,0.066572,ok,
Chain_3,27,Chain_3/27,4034,0.041768,ok,
Chain_3,28,Chain_3/28,563422,0.075927,ok,
Chain_3,29,Chain_3/29,7966,0.041082,ok,
Chain_3,30,Chain_3/30,563422,0.083290,ok,
Chain_3,31,Chain_3/31,563422,0.078463,ok,
Chain_3,32,Chain_3/32,563422,0.063217,ok,
Chain_3,33,Chain_3/33,17682,0.076071,ok,
Chain_3,34,Chain_3/34,23124,0.052177,ok,
Chain_3,35,Chain_3/35,93954,0.056030,ok,
Chain_3,36,Chain_3/36,23124,0.044243,ok,
Chain_3,37,Chain_3/37,48628,0.049469,ok,
Chain_3,38,Chain_3/38,93954,0.048540,ok,
Chain_3,39,Chain_3/39,23124,0.050732,ok,
Chain_3,40,Chain_3/40,93954,0.052774,ok,
Chain_3,41,Chain_3/41,48628,0.044152,ok,
Chain_3,42,Chain_3/42,23124,0.051660,ok,
Chain_3,43,Chain_3/43,563422,0.079194,ok,
Chain_3,44,Chain_3/44,17682,0.077909,ok,
Chain_3,45,Chain_3/45,93954,0.049400,ok,
Chain_3,46,Chain_3/46,17682,0.079981,ok,
Chain_3,47,Chain_3/47,17682,0.075744,ok,
Chain_3,48,Chain_3/48,23124,0.046926,ok,
Chain_3,49,Chain_3/49,23124,0.048977,ok,
Chain_3,50,Chain_3/50,93954,0.055953,ok,
Chain_3,51,Chain_3/51,23124,0.051459,ok,
Chain_3,52,Chain_3/52,93954,0.052023,ok,
Chain_3,53,Chain_3/53,120348,0.065586,ok,
Chain_3,54,Chain_3/54,120348,0.073023,ok,
Chain_3,55,Chain_3/55,120348,0.073934,ok,
Chain_6,0,Chain_6/0,6245084,0.194374,ok,
Chain_6,1,Chain_6/1,2704162,0.175899,ok,
Chain_6,2,Chain_6/2,32129,0.063661,ok,
Chain_6,3,Chain_6/3,95746,0.085268,ok,
Chain_6,4,Chain_6/4,418727,0.085239,ok,
Chain_6,5,Chain_6/5,95746,0.083600,ok,
Chain_6,6,Chain_6/6,31,0.043758,ok,
Chain_6,7,Chain_6/7,23208,0.057601,ok,
Chain_6,8,Chain_6/8,2704162,0.160736,ok,
Chain_6,9,Chain_6/9,164,0.048606,ok,
Chain_6,10,Chain_6/10,6245084,0.193100,ok,
Chain_6,11,Chain_6/11,6245084,0.200877,ok,
Chain_6,12,Chain_6/12,616,0.046329,ok,
Chain_6,13,Chain_6/13,6245084,0.217685,ok,
Chain_6,14,Chain_6/14,161,0.137517,ok,
Chain_6,15,Chain_6/15,6245084,0.195533,ok,
Chain_6,16,Chain_6/16,6245084,0.193339,ok,
Chain_6,17,Chain_6/17,6245084,0.188952,ok,
Chain_6,18,Chain_6/18,6245084,0.218117,ok,
Chain_6,19,Chain_6/19,6245084,0.196784,ok,
Chain_6,20,Chain_6/20,418727,0.095023,ok,
Chain_6,21,Chain_6/21,6245084,0.203562,ok,
Chain_6,22,Chain_6/22,418727,0.096446,ok,
Chain_6,23,Chain_6/23,45858,0.157616,ok,
Chain_6,24,Chain_6/24,95746,0.087279,ok,
Chain_6,25,Chain_6/25,6245084,0.194320,ok,
Chain_6,26,Chain_6/26,2778,0.154055,ok,
Chain_6,27,Chain_6/27,6245084,0.206992,ok,
Chain_6,28,Chain_6/28,6245084,0.200498,ok,
Chain_6,29,Chain_6/29,6245084,0.203800,ok,
Chain_6,30,Chain_6/30,6245084,0.202054,ok,
Chain_6,31,Chain_6/31,16418,0.052239,ok,
Chain_6,32,Chain_6/32,27470,0.060147,ok,
Chain_6,33,Chain_6/33,10734,0.092037,ok,
Chain_6,34,Chain_6/34,89880,0.150658,ok,
Chain_6,35,Chain_6/35,89880,0.130979,ok,
Chain_6,36,Chain_6/36,89880,0.137179,ok,
Chain_6,37,Chain_6/37,6245084,0.205248,ok,
Chain_6,38,Chain_6/38,89880,0.146765,ok,
Chain_6,39,Chain_6/39,6245084,0.214294,ok,
Chain_6,40,Chain_6/40,25140,0.147359,ok,
Chain_6,41,Chain_6/41,19820,0.051182,ok,
Chain_6,42,Chain_6/42,49405,0.088306,ok,
Chain_6,43,Chain_6/43,97926,0.138171,ok,
Chain_6,44,Chain_6/44,97926,0.139566,ok,
Chain_6,45,Chain_6/45,16418,0.054337,ok,
Chain_6,46,Chain_6/46,10734,0.080733,ok,
Chain_6,47,Chain_6/47,617090,0.147660,ok,
Chain_6,48,Chain_6/48,928028,0.165794,ok,
Chain_6,49,Chain_6/49,261441,0.152714,ok,
Chain_6,50,Chain_6/50,6245084,0.197303,ok,
Chain_6,51,Chain_6/51,261441,0.142841,ok,
Chain_6,52,Chain_6/52,265896,0.158920,ok,
Chain_6,53,Chain_6/53,265896,0.133098,ok,
Chain_6,54,Chain_6/54,928028,0.154043,ok,
Chain_6,55,Chain_6/55,6245084,0.195494,ok,
Chain_6,56,Chain_6/56,6245084,0.194835,ok,
Chain_6,57,Chain_6/57,928028,0.162663,ok,
Chain_6,58,Chain_6/58,261441,0.165441,ok,
Chain_6,59,Chain_6/59,928028,0.156218,ok,
Chain_6,60,Chain_6/60,261441,0.138011,ok,
Chain_6,61,Chain_6/61,265896,0.166167,ok,
Chain_6,62,Chain_6/62,261441,0.143851,ok,
Chain_6,63,Chain_6/63,265896,0.151028,ok,
Chain_6,64,Chain_6/64,265896,0.149733,ok,
Chain_6,65,Chain_6/65,261441,0.152235,ok,
Chain_6,66,Chain_6/66,261441,0.155360,ok,
Chain_9,0,Chain_9/0,454,0.115134,ok,
Chain_9,1,Chain_9/1,2141186,0.182965,ok,
Chain_9,2,Chain_9/2,117875322,0.845148,ok,
Chain_9,3,Chain_9/3,117875322,0.873450,ok,
Chain_9,4,Chain_9/4,6141685,0.223222,ok,
Chain_9,5,Chain_9/5,117875322,0.820735,ok,
Chain_9,6,Chain_9/6,2141186,0.192350,ok,
Chain_9,7,Chain_9/7,117875322,0.824429,ok,
Chain_9,8,Chain_9/8,2405714,0.183653,ok,
Chain_9,9,Chain_9/9,117875322,0.883184,ok,
Chain_9,10,Chain_9/10,2141186,0.195280,ok,
Chain_9,11,Chain_9/11,2141186,0.216553,ok,
Chain_9,12,Chain_9/12,117875322,0.829702,ok,
Chain_9,13,Chain_9/13,117875322,0.816588,ok,
Chain_9,14,Chain_9/14,117875322,0.826621,ok,
Chain_9,15,Chain_9/15,117875322,0.827850,ok,
Chain_9,16,Chain_9/16,117875322,0.833307,ok,
Chain_9,17,Chain_9/17,45804,0.084373,ok,
Chain_9,18,Chain_9/18,14126,0.082976,ok,
Chain_9,19,Chain_9/19,11718,0.130523,ok,
Chain_9,20,Chain_9/20,117875322,0.842451,ok,
Chain_9,21,Chain_9/21,117875322,0.851571,ok,
Chain_9,22,Chain_9/22,117875322,0.829677,ok,
Chain_9,23,Chain_9/23,13017,0.137317,ok,
Chain_9,24,Chain_9/24,2490574,0.176083,ok,
Chain_9,25,Chain_9/25,117875322,0.829987,ok,
Chain_9,26,Chain_9/26,951601,0.121639,ok,
Chain_9,27,Chain_9/27,771066,0.346355,ok,
Chain_9,28,Chain_9/28,117875322,0.831810,ok,
Chain_9,29,Chain_9/29,827593,0.144622,ok,
Chain_9,30,Chain_9/30,117875322,0.817024,ok,
Chain_9,31,Chain_9/31,397165,0.130893,ok,
Chain_9,32,Chain_9/32,716610,0.362760,ok,
Chain_9,33,Chain_9/33,244718,0.086076,ok,
Chain_9,34,Chain_9/34,540538,0.334109,ok,
Chain_9,35,Chain_9/35,117875322,0.843957,ok,
Chain_9,36,Chain_9/36,880613,0.107390,ok,
Chain_9,37,Chain_9/37,6141685,0.218255,ok,
Chain_9,38,Chain_9/38,145586,0.322842,ok,
Chain_9,39,Chain_9/39,2490574,0.189671,ok,
Chain_9,40,Chain_9/40,248022,0.136585,ok,
Chain_9,41,Chain_9/41,264850,0.135221,ok,
Chain_9,42,Chain_9/42,540538,0.363083,ok,
Chain_9,43,Chain_9/43,951601,0.120530,ok,
Graph_12,0,Graph_12/0,819679762,3.650391,ok,
Graph_3,0,Graph_3/0,563422,0.063379,ok,
Graph_3,1,Graph_3/1,563422,0.070132,ok,
Graph_3,2,Graph_3/2,563422,0.086555,ok,
Graph_3,3,Graph_3/3,563422,0.071194,ok,
Graph_3,4,Graph_3/4,563422,0.064240,ok,
Graph_3,5,Graph_3/5,563422,0.066604,ok,
Graph_3,6,Graph_3/6,563422,0.064958,ok,
Graph_3,7,Graph_3/7,563422,0.081252,ok,
Graph_3,8,Graph_3/8,563422,0.063051,ok,
Graph_3,9,Graph_3/9,563422,0.069401,ok,
Graph_3,10,Graph_3/10,563422,0.063505,ok,
Graph_3,11,Graph_3/11,563422,0.072107,ok,
Graph_3,12,Graph_3/12,563422,0.070137,ok,
Graph_3,13,Graph_3/13,48488,0.073485,ok,
Graph_3,14,Graph_3/14,563422,0.077041,ok,
Graph_3,15,Graph_3/15,563422,0.078337,ok,
Graph_3,16,Graph_3/16,563422,0.086098,ok,
Graph_3,17,Graph_3/17,563422,0.065712,ok,
Graph_3,18,Graph_3/18,290,0.050606,ok,
Graph_3,19,Graph_3/19,563422,0.066019,ok,
Graph_3,20,Graph_3/20,563422,0.065508,ok,
Graph_3,21,Graph_3/21,563422,0.069916,ok,
Graph_3,22,Graph_3/22,563422,0.082946,ok,
Graph_3,23,Graph_3/23,563422,0.070032,ok,
Graph_3,24,Graph_3/24,563422,0.066384,ok,
Graph_3,25,Graph_3/25,563422,0.063929,ok,
Graph_3,26,Graph_3/26,563422,0.072109,ok,
Graph_3,27,Graph_3/27,563422,0.069572,ok,
Graph_3,28,Graph_3/28,563422,0.063838,ok,
Graph_3,29,Graph_3/29,563422,0.066890,ok,
Graph_3,30,Graph_3/30,3240,0.085992,ok,
Graph_3,31,Graph_3/31,3240,0.088490,ok,
Graph_3,32,Graph_3/32,3240,0.089219,ok,
Graph_3,33,Graph_3/33,3240,0.082039,ok,
Graph_3,34,Graph_3/34,3240,0.079597,ok,
Graph_3,35,Graph_3/35,3240,0.084462,ok,
Graph_3,36,Graph_3/36,91364,0.094491,ok,
Graph_3,37,Graph_3/37,93954,0.052196,ok,
Graph_3,38,Graph_3/38,563422,0.059764,ok,
Graph_3,39,Graph_3/39,91364,0.097060,ok,
Graph_3,40,Graph_3/40,93954,0.050242,ok,
Graph_3,41,Graph_3/41,93954,0.049303,ok,
Graph_3,42,Graph_3/42,129762,0.070902,ok,
Graph_6,0,Graph_6/0,23198,0.064910,ok,
Graph_6,1,Graph_6/1,2926104,0.155398,ok,
Graph_6,2,Graph_6/2,6245084,0.196324,ok,
Graph_6,3,Graph_6/3,7527570,0.191251,ok,
Graph_6,4,Graph_6/4,3452,0.064989,ok,
Graph_6,5,Graph_6/5,24897,0.075493,ok,
Graph_6,6,Graph_6/6,2031992,0.205849,ok,
Graph_6,7,Graph_6/7,16168,0.187166,ok,
Graph_6,8,Graph_6/8,13915,0.078131,ok,
Graph_6,9,Graph_6/9,33672,0.118476,ok,
Graph_6,10,Graph_6/10,152338,0.090906,ok,
Graph_6,11,Graph_6/11,465334,0.211670,ok,
Graph_6,12,Graph_6/12,368334,0.137273,ok,
Graph_6,13,Graph_6/13,192660,0.190539,ok,
Graph_6,14,Graph_6/14,221414,0.149490,ok,
Graph_9,0,Graph_9/0,86994918,0.503864,ok,
Graph_9,1,Graph_9/1,86994918,0.509290,ok,
Graph_9,2,Graph_9/2,8698317,0.186475,ok,
Star_12,0,Star_12/0,2959748800358,0.106432,ok,
Star_12,1,Star_12/1,2959748800358,0.094202,ok,
Star_3,0,Star_3/0,48488,0.071641,ok,
Star_3,1,Star_3/1,563422,0.081117,ok,
Star_3,2,Star_3/2,563422,0.062912,ok,
Star_3,3,Star_3/3,563422,0.063977,ok,
Star_3,4,Star_3/4,563422,0.061404,ok,
Star_3,5,Star_3/5,563422,0.061529,ok,
Star_3,6,Star_3/6,563422,0.066727,ok,
Star_3,7,Star_3/7,563422,0.064638,ok,
Star_3,8,Star_3/8,563422,0.063961,ok,
Star_3,9,Star_3/9,563422,0.062556,ok,
Star_3,10,Star_3/10,563422,0.076608,ok,
Star_3,11,Star_3/11,563422,0.064398,ok,
Star_3,12,Star_3/12,563422,0.071664,ok,
Star_3,13,Star_3/13,563422,0.077347,ok,
Star_3,14,Star_3/14,563422,0.067339,ok,
Star_3,15,Star_3/15,563422,0.076487,ok,
Star_3,16,Star_3/16,563422,0.081445,ok,
Star_3,17,Star_3/17,563422,0.064085,ok,
Star_3,18,Star_3/18,563422,0.074459,ok,
Star_3,19,Star_3/19,563422,0.065070,ok,
Star_3,20,Star_3/20,563422,0.084471,ok,
Star_3,21,Star_3/21,563422,0.065450,ok,
Star_3,22,Star_3/22,563422,0.080845,ok,
Star_3,23,Star_3/23,563422,0.065190,ok,
Star_3,24,Star_3/24,563422,0.062134,ok,
Star_3,25,Star_3/25,563422,0.065064,ok,
Star_3,26,Star_3/26,563422,0.066791,ok,
Star_3,27,Star_3/27,563422,0.064623,ok,
Star_3,28,Star_3/28,8672,0.087489,ok,
Star_3,29,Star_3/29,563422,0.063011,ok,
Star_3,30,Star_3/30,563422,0.066369,ok,
Star_3,31,Star_3/31,563422,0.088398,ok,
Star_3,32,Star_3/32,563422,0.080114,ok,
Star_3,33,Star_3/33,563422,0.066081,ok,
Star_3,34,Star_3/34,563422,0.075883,ok,
Star_3,35,Star_3/35,563422,0.088537,ok,
Star_3,36,Star_3/36,563422,0.066406,ok,
Star_3,37,Star_3/37,563422,0.065673,ok,
Star_3,38,Star_3/38,563422,0.082713,ok,
Star_3,39,Star_3/39,91364,0.101555,ok,
Star_3,40,Star_3/40,52862,0.079363,ok,
Star_3,41,Star_3/41,91364,0.075695,ok,
Star_3,42,Star_3/42,91364,0.093115,ok,
Star_3,43,Star_3/43,91364,0.093874,ok,
Star_3,44,Star_3/44,91364,0.092149,ok,
Star_3,45,Star_3/45,91364,0.074889,ok,
Star_3,46,Star_3/46,91364,0.071999,ok,
Star_3,47,Star_3/47,91364,0.096471,ok,
Star_3,48,Star_3/48,91364,0.088713,ok,
Star_3,49,Star_3/49,91364,0.100299,ok,
Star_3,50,Star_3/50,91364,0.101170,ok,
Star_3,51,Star_3/51,91364,0.075995,ok,
Star_3,52,Star_3/52,91364,0.096499,ok,
Star_3,53,Star_3/53,91364,0.069531,ok,
Star_3,54,Star_3/54,52862,0.074325,ok,
Star_3,55,Star_3/55,91364,0.079533,ok,
Star_3,56,Star_3/56,52862,0.077133,ok,
Star_3,57,Star_3/57,91364,0.087988,ok,
Star_3,58,Star_3/58,52862,0.079693,ok,
Star_6,0,Star_6/0,363872,0.099140,ok,
Star_6,1,Star_6/1,363872,0.091428,ok,
Star_6,2,Star_6/2,363872,0.105445,ok,
Star_6,3,Star_6/3,363872,0.097104,ok,
Star_6,4,Star_6/4,363872,0.095980,ok,
Star_6,5,Star_6/5,363872,0.099192,ok,
Star_6,6,Star_6/6,363872,0.097938,ok,
Star_6,7,Star_6/7,363872,0.096097,ok,
Star_6,8,Star_6/8,6663,0.090320,ok,
Star_6,9,Star_6/9,6663,0.092027,ok,
Star_6,10,Star_6/10,6663,0.092714,ok,
Star_6,11,Star_6/11,6663,0.096489,ok,
Star_6,12,Star_6/12,15497510,0.089879,ok,
Star_6,13,Star_6/13,15497510,0.088117,ok,
Star_6,14,Star_6/14,15497510,0.089248,ok,
Star_6,15,Star_6/15,15497510,0.084725,ok,
Star_6,16,Star_6/16,15497510,0.079465,ok,
Star_6,17,Star_6/17,15497510,0.084010,ok,
Star_6,18,Star_6/18,15497510,0.088258,ok,
Star_6,19,Star_6/19,15497510,0.086678,ok,
Star_6,20,Star_6/20,230762,0.095980,ok,
Star_6,21,Star_6/21,15497510,0.081219,ok,
Star_6,22,Star_6/22,15497510,0.082879,ok,
Star_6,23,Star_6/23,15497510,0.087572,ok,
Star_6,24,Star_6/24,15497510,0.082690,ok,
Star_6,25,Star_6/25,15497510,0.084944,ok,
Star_6,26,Star_6/26,15497510,0.094594,ok,
Star_6,27,Star_6/27,15497510,0.086801,ok,
Star_6,28,Star_6/28,15497510,0.090440,ok,
Star_6,29,Star_6/29,15497510,0.084278,ok,
Star_6,30,Star_6/30,15497510,0.086340,ok,
Star_6,31,Star_6/31,15497510,0.084678,ok,
Star_6,32,Star_6/32,15497510,0.081091,ok,
Star_6,33,Star_6/33,397702,0.094309,ok,
Star_6,34,Star_6/34,756818,0.096536,ok,
Star_6,35,Star_6/35,230762,0.085997,ok,
Star_6,36,Star_6/36,15497510,0.083958,ok,
Star_6,37,Star_6/37,756818,0.096627,ok,
Star_6,38,Star_6/38,15497510,0.086291,ok,
Star_6,39,Star_6/39,756818,0.098124,ok,
Star_9,0,Star_9/0,3569617498,0.085597,ok,
Star_9,1,Star_9/1,3620378,0.099814,ok,
Star_9,2,Star_9/2,3620378,0.105620,ok,
Star_9,3,Star_9/3,3620378,0.099938,ok,
Star_9,4,Star_9/4,3620378,0.116817,ok,
Star_9,5,Star_9/5,3620378,0.102858,ok,
Star_9,6,Star_9/6,3620378,0.106053,ok,
Star_9,7,Star_9/7,3620378,0.107400,ok,
Star_9,8,Star_9/8,3620378,0.101527,ok,
Star_9,9,Star_9/9,3620378,0.100926,ok,
Star_9,10,Star_9/10,3620378,0.106307,ok,
Star_9,11,Star_9/11,3620378,0.109044,ok,
Star_9,12,Star_9/12,1756846,0.111119,ok,
Star_9,13,Star_9/13,3620378,0.100303,ok,
Star_9,14,Star_9/14,3620378,0.114564,ok,
Star_9,15,Star_9/15,140461,0.097415,ok,
Star_9,16,Star_9/16,140461,0.090476,ok,
Star_9,17,Star_9/17,3620378,0.102023,ok,
Star_9,18,Star_9/18,3620378,0.111375,ok,
Star_9,19,Star_9/19,3620378,0.101088,ok,
Star_9,20,Star_9/20,140461,0.095348,ok,
Star_9,21,Star_9/21,140461,0.102132,ok,
Tree_12,0,Tree_12/0,514252615,2.288541,ok,
Tree_12,1,Tree_12/1,536598727,2.037973,ok,
Tree_12,2,Tree_12/2,91112139,0.483755,ok,
Tree_12,3,Tree_12/3,191308625,1.012209,ok,
Tree_12,4,Tree_12/4,6102320783,28.859040,ok,
Tree_12,5,Tree_12/5,536649903,2.077133,ok,
Tree_12,6,Tree_12/6,6057404,0.156963,ok,
Tree_12,7,Tree_12/7,166627336,0.817501,ok,
Tree_12,8,Tree_12/8,8534304278,33.653894,ok,
Tree_12,9,Tree_12/9,508535548,2.010902,ok,
Tree_12,10,Tree_12/10,93201760,0.610358,ok,
Tree_12,11,Tree_12/11,251629612,0.955249,ok,
Tree_12,12,Tree_12/12,6854746763,27.897768,ok,
Tree_12,13,Tree_12/13,11677642357,33.459291,ok,
Tree_12,14,Tree_12/14,643474043,2.519120,ok,
Tree_12,15,Tree_12/15,6805832493,22.752785,ok,
Tree_12,16,Tree_12/16,7419806860,29.318040,ok,
Tree_12,17,Tree_12/17,31432,0.137656,ok,
Tree_12,18,Tree_12/18,9300657705,26.100249,ok,
Tree_12,19,Tree_12/19,7297761238,31.280260,ok,
Tree_12,20,Tree_12/20,227719,0.280777,ok,
Tree_12,21,Tree_12/21,16593845575,46.203696,ok,
Tree_12,22,Tree_12/22,19142560,0.517664,ok,
Tree_12,23,Tree_12/23,4831703409,13.711721,ok,
Tree_12,24,Tree_12/24,7469565353,23.610811,ok,
Tree_12,25,Tree_12/25,6536602923,22.994667,ok,
Tree_12,26,Tree_12/26,7266097410,22.566651,ok,
Tree_12,27,Tree_12/27,18976302,0.363673,ok,
Tree_12,28,Tree_12/28,41833519,0.452319,ok,
Tree_12,29,Tree_12/29,227364,0.180313,ok,
Tree_12,30,Tree_12/30,15967468558,46.264931,ok,
Tree_12,31,Tree_12/31,6737773324,27.092450,ok,
Tree_3,0,Tree_3/0,563422,0.075534,ok,
Tree_3,1,Tree_3/1,563422,0.067153,ok,
Tree_3,2,Tree_3/2,563422,0.072249,ok,
Tree_3,3,Tree_3/3,563422,0.064579,ok,
Tree_3,4,Tree_3/4,563422,0.065485,ok,
Tree_3,5,Tree_3/5,563422,0.068045,ok,
Tree_3,6,Tree_3/6,563422,0.065420,ok,
Tree_3,7,Tree_3/7,563422,0.084464,ok,
Tree_3,8,Tree_3/8,563422,0.063534,ok,
Tree_3,9,Tree_3/9,563422,0.063203,ok,
Tree_3,10,Tree_3/10,358,0.050784,ok,
Tree_3,11,Tree_3/11,563422,0.080136,ok,
Tree_3,12,Tree_3/12,563422,0.071384,ok,
Tree_3,13,Tree_3/13,563422,0.081097,ok,
Tree_3,14,Tree_3/14,563422,0.065961,ok,
Tree_3,15,Tree_3/15,563422,0.066882,ok,
Tree_3,16,Tree_3/16,4034,0.040083,ok,
Tree_3,17,Tree_3/17,563422,0.084062,ok,
Tree_3,18,Tree_3/18,4034,0.039582,ok,
Tree_3,19,Tree_3/19,4034,0.040164,ok,
Tree_3,20,Tree_3/20,563422,0.068164,ok,
Tree_3,21,Tree_3/21,563422,0.062611,ok,
Tree_3,22,Tree_3/22,563422,0.084880,ok,
Tree_3,23,Tree_3/23,563422,0.085416,ok,
Tree_3,24,Tree_3/24,563422,0.069921,ok,
Tree_3,25,Tree_3/25,563422,0.071065,ok,
Tree_3,26,Tree_3/26,4034,0.040380,ok,
Tree_3,27,Tree_3/27,48628,0.047326,ok,
Tree_3,28,Tree_3/28,91364,0.081342,ok,
Tree_3,29,Tree_3/29,23124,0.049651,ok,
Tree_3,30,Tree_3/30,93954,0.049698,ok,
Tree_3,31,Tree_3/31,23124,0.051326,ok,
Tree_3,32,Tree_3/32,52862,0.077073,ok,
Tree_3,33,Tree_3/33,93954,0.047955,ok,
Tree_3,34,Tree_3/34,93954,0.052526,ok,
Tree_3,35,Tree_3/35,93954,0.049551,ok,
Tree_3,36,Tree_3/36,93954,0.050784,ok,
Tree_3,37,Tree_3/37,91364,0.087061,ok,
Tree_3,38,Tree_3/38,91364,0.092981,ok,
Tree_3,39,Tree_3/39,91364,0.095040,ok,
Tree_3,40,Tree_3/40,91364,0.096075,ok,
Tree_3,41,Tree_3/41,17682,0.072378,ok,
Tree_3,42,Tree_3/42,23124,0.050074,ok,
Tree_3,43,Tree_3/43,93954,0.052219,ok,
Tree_3,44,Tree_3/44,93954,0.052238,ok,
Tree_3,45,Tree_3/45,23124,0.052220,ok,
Tree_3,46,Tree_3/46,93954,0.049284,ok,
Tree_3,47,Tree_3/47,120348,0.064382,ok,
Tree_6,0,Tree_6/0,139108,0.059941,ok,
Tree_6,1,Tree_6/1,2926104,0.150332,ok,
Tree_6,2,Tree_6/2,8783086,0.204407,ok,
Tree_6,3,Tree_6/3,2704162,0.161343,ok,
Tree_6,4,Tree_6/4,442437,0.084566,ok,
Tree_6,5,Tree_6/5,8783086,0.195417,ok,
Tree_6,6,Tree_6/6,6689716,0.203576,ok,
Tree_6,7,Tree_6/7,6689716,0.206244,ok,
Tree_6,8,Tree_6/8,7368486,0.195803,ok,
Tree_6,9,Tree_6/9,7527570,0.207526,ok,
Tree_6,10,Tree_6/10,8783086,0.202639,ok,
Tree_6,11,Tree_6/11,7368486,0.201096,ok,
Tree_6,12,Tree_6/12,6932,0.047127,ok,
Tree_6,13,Tree_6/13,8783086,0.217918,ok,
Tree_6,14,Tree_6/14,7527570,0.216393,ok,
Tree_6,15,Tree_6/15,15497510,0.067089,ok,
Tree_6,16,Tree_6/16,7527570,0.194095,ok,
Tree_6,17,Tree_6/17,7527570,0.205497,ok,
Tree_6,18,Tree_6/18,156058,0.087910,ok,
Tree_6,19,Tree_6/19,7368486,0.204866,ok,
Tree_6,20,Tree_6/20,2496,0.089238,ok,
Tree_6,21,Tree_6/21,273268,0.156194,ok,
Tree_6,22,Tree_6/22,7368486,0.208723,ok,
Tree_6,23,Tree_6/23,6689716,0.215051,ok,
Tree_6,24,Tree_6/24,350723,0.106013,ok,
Tree_6,25,Tree_6/25,83379,0.092536,ok,
Tree_6,26,Tree_6/26,6689716,0.195918,ok,
Tree_6,27,Tree_6/27,6689716,0.216319,ok,
Tree_6,28,Tree_6/28,54241,0.058903,ok,
Tree_6,29,Tree_6/29,471430,0.101764,ok,
Tree_6,30,Tree_6/30,143525,0.092058,ok,
Tree_6,31,Tree_6/31,443395,0.102479,ok,
Tree_6,32,Tree_6/32,239198,0.093143,ok,
Tree_6,33,Tree_6/33,917375,0.109507,ok,
Tree_6,34,Tree_6/34,327556,0.148914,ok,
Tree_6,35,Tree_6/35,458190,0.091129,ok,
Tree_6,36,Tree_6/36,327556,0.099877,ok,
Tree_6,37,Tree_6/37,265896,0.154032,ok,
Tree_6,38,Tree_6/38,285573,0.150424,ok,
Tree_6,39,Tree_6/39,590336,0.065417,ok,
Tree_6,40,Tree_6/40,492864,0.113696,ok,
Tree_6,41,Tree_6/41,917375,0.096930,ok,
Tree_6,42,Tree_6/42,130928,0.100502,ok,
Tree_6,43,Tree_6/43,882985,0.111826,ok,
Tree_6,44,Tree_6/44,838150,0.096084,ok,
Tree_6,45,Tree_6/45,267636,0.079717,ok,
Tree_6,46,Tree_6/46,195508,0.058784,ok,
Tree_6,47,Tree_6/47,792459,0.097069,ok,
Tree_6,48,Tree_6/48,172337,0.148948,ok,
Tree_9,0,Tree_9/0,57193454,0.455936,ok,
Tree_9,1,Tree_9/1,389259,0.095117,ok,
Tree_9,2,Tree_9/2,5135273,0.218794,ok,
Tree_9,3,Tree_9/3,670079182,2.144547,ok,
Tree_9,4,Tree_9/4,9252648,0.204646,ok,
Tree_9,5,Tree_9/5,167642548,0.959499,ok,
Tree_9,6,Tree_9/6,155007421,0.745926,ok,
Tree_9,7,Tree_9/7,386401974,1.552774,ok,
Tree_9,8,Tree_9/8,269593069,1.284998,ok,
Tree_9,9,Tree_9/9,141400860,0.891411,ok,
Tree_9,10,Tree_9/10,56871865,0.477885,ok,
Tree_9,11,Tree_9/11,187599096,0.956908,ok,
Tree_9,12,Tree_9/12,223307416,1.134273,ok,
Tree_9,13,Tree_9/13,141400860,0.888869,ok,
Tree_9,14,Tree_9/14,5716890,0.206562,ok,
Tree_9,15,Tree_9/15,66878,0.095383,ok,
Tree_9,16,Tree_9/16,158608454,0.920525,ok,
Tree_9,17,Tree_9/17,5529944,0.189934,ok,
Tree_9,18,Tree_9/18,441613344,1.826109,ok,
Tree_9,19,Tree_9/19,144773980,0.842752,ok,
Tree_9,20,Tree_9/20,141400860,0.868011,ok,
Tree_9,21,Tree_9/21,3628918,0.212345,ok,
Tree_9,22,Tree_9/22,198049622,1.025503,ok,
Tree_9,23,Tree_9/23,80635,0.347802,ok,
Tree_9,24,Tree_9/24,670079182,2.167633,ok,
Tree_9,25,Tree_9/25,174689757,0.889402,ok,
Tree_9,26,Tree_9/26,15344,0.354561,ok,
Tree_9,27,Tree_9/27,775327,0.134236,ok,
Tree_9,28,Tree_9/28,247933669,1.367470,ok,
Tree_9,29,Tree_9/29,156061,0.126193,ok,
Tree_9,30,Tree_9/30,339658,0.139062,ok,
Tree_9,31,Tree_9/31,196809876,1.031719,ok,
Tree_9,32,Tree_9/32,231682416,0.796280,ok,
Tree_9,33,Tree_9/33,253925902,1.258584,ok,
Tree_9,34,Tree_9/34,899903,0.136378,ok,
Tree_9,35,Tree_9/35,187599096,0.820613,ok,
Tree_9,36,Tree_9/36,147150,0.152999,ok,
Tree_9,37,Tree_9/37,10194650,0.245032,ok,
