group,base,variant,predicate_count,true_cardinality,gcard_path,sql_path,predicates
glogs,p10,p10_01,3,214006,experiment/patterns/gcard/lsqb_glogs_with_pred_10/glogs/p10_01.json,experiment/patterns/sql/lsqb_glogs_with_pred_10/glogs/p10_01.sql,"[{""id"": 1, ""op"": ""ge"", ""predicate_id"": 1, ""property"": ""birthday"", ""target"": ""vertex"", ""value"": {""Int64"": 520905600000}}, {""id"": 2, ""op"": ""eq"", ""predicate_id"": 2, ""property"": ""explicitlydeleted"", ""target"": ""vertex"", ""value"": {""Boolean"": false}}, {""id"": 1, ""op"": ""ge"", ""predicate_id"": 3, ""property"": ""creationdate"", ""target"": ""edge"", ""value"": {""Int64"": 1262304000000}}]"
glogs,p10,p10_02,2,159159,experiment/patterns/gcard/lsqb_glogs_with_pred_10/glogs/p10_02.json,experiment/patterns/sql/lsqb_glogs_with_pred_10/glogs/p10_02.sql,"[{""id"": 2, ""op"": ""eq"", ""predicate_id"": 1, ""property"": ""browserused"", ""target"": ""vertex"", ""value"": {""String"": ""Chrome""}}, {""id"": 1, ""op"": ""ge"", ""predicate_id"": 2, ""property"": ""creationdate"", ""target"": ""edge"", ""value"": {""Int64"": 1262304000000}}]"
glogs,p10,p10_03,4,157437,experiment/patterns/gcard/lsqb_glogs_with_pred_10/glogs/p10_03.json,experiment/patterns/sql/lsqb_glogs_with_pred_10/glogs/p10_03.sql,"[{""id"": 2, ""op"": ""ge"", ""predicate_id"": 1, ""property"": ""length"", ""target"": ""vertex"", ""value"": {""Int64"": 2}}, {""id"": 2, ""op"": ""eq"", ""predicate_id"": 2, ""property"": ""explicitlydeleted"", ""target"": ""vertex"", ""value"": {""Boolean"": false}}, {""id"": 1, ""op"": ""ge"", ""predicate_id"": 3, ""property"": ""creationdate"", ""target"": ""edge"", ""value"": {""Int64"": 1262304000000}}, {""id"": 2, ""op"": ""eq"", ""predicate_id"": 4, ""property"": ""browserused"", ""target"": ""vertex"", ""value"": {""String"": ""Chrome""}}]"
glogs,p10,p10_04,3,157437,experiment/patterns/gcard/lsqb_glogs_with_pred_10/glogs/p10_04.json,experiment/patterns/sql/lsqb_glogs_with_pred_10/glogs/p10_04.sql,"[{""id"": 2, ""op"": ""eq"", ""predicate_id"": 1, ""property"": ""browserused"", ""target"": ""vertex"", ""value"": {""String"": ""Chrome""}}, {""id"": 1, ""op"": ""ge"", ""predicate_id"": 2, ""property"": ""creationdate"", ""target"": ""edge"", ""value"": {""Int64"": 1262304000000}}, {""id"": 2, ""op"": ""eq"", ""predicate_id"": 3, ""property"": ""explicitlydeleted"", ""target"": ""vertex"", ""value"": {""Boolean"": false}}]"
glogs,p10,p10_05,2,619702,experiment/patterns/gcard/lsqb_glogs_with_pred_10/glogs/p10_05.json,experiment/patterns/sql/lsqb_glogs_with_pred_10/glogs/p10_05.sql,"[{""id"": 2, ""op"": ""ge"", ""predicate_id"": 1, ""property"": ""creationdate"", ""target"": ""vertex"", ""value"": {""Int64"": 1285917807738}}, {""id"": 2, ""op"": ""eq"", ""predicate_id"": 2, ""property"": ""explicitlydeleted"", ""target"": ""vertex"", ""value"": {""Boolean"": false}}]"
glogs,p10,p10_06,4,296431,experiment/patterns/gcard/lsqb_glogs_with_pred_10/glogs/p10_06.json,experiment/patterns/sql/lsqb_glogs_with_pred_10/glogs/p10_06.sql,"[{""id"": 3, ""op"": ""eq"", ""predicate_id"": 1, ""property"": ""gender"", ""target"": ""vertex"", ""value"": {""String"": ""male""}}, {""id"": 1, ""op"": ""ge"", ""predicate_id"": 2, ""property"": ""creationdate"", ""target"": ""edge"", ""value"": {""Int64"": 1262304000000}}, {""id"": 2, ""op"": ""eq"", ""predicate_id"": 3, ""property"": ""explicitlydeleted"", ""target"": ""vertex"", ""value"": {""Boolean"": false}}, {""id"": 1, ""op"": ""ge"", ""predicate_id"": 4, ""property"": ""deletiondate"", ""target"": ""edge"", ""value"": {""Int64"": 1356998400000}}]"
glogs,p10,p10_07,3,359833,experiment/patterns/gcard/lsqb_glogs_with_pred_10/glogs/p10_07.json,experiment/patterns/sql/lsqb_glogs_with_pred_10/glogs/p10_07.sql,"[{""id"": 3, ""op"": ""ge"", ""predicate_id"": 1, ""property"": ""birthday"", ""target"": ""vertex"", ""value"": {""Int64"": 447811200000}}, {""id"": 6, ""op"": ""eq"", ""predicate_id"": 2, ""property"": ""explicitlydeleted"", ""target"": ""vertex"", ""value"": {""Boolean"": false}}, {""id"": 1, ""op"": ""ge"", ""predicate_id"": 3, ""property"": ""creationdate"", ""target"": ""edge"", ""value"": {""Int64"": 1262304000000}}]"
glogs,p10,p10_08,3,424582,experiment/patterns/gcard/lsqb_glogs_with_pred_10/glogs/p10_08.json,experiment/patterns/sql/lsqb_glogs_with_pred_10/glogs/p10_08.sql,"[{""id"": 3, ""op"": ""le"", ""predicate_id"": 1, ""property"": ""creationdate"", ""target"": ""vertex"", ""value"": {""Int64"": 1325376000000}}, {""id"": 6, ""op"": ""eq"", ""predicate_id"": 2, ""property"": ""explicitlydeleted"", ""target"": ""vertex"", ""value"": {""Boolean"": false}}, {""id"": 1, ""op"": ""ge"", ""predicate_id"": 3, ""property"": ""creationdate"", ""target"": ""edge"", ""value"": {""Int64"": 1262304000000}}]"
glogs,p10,p10_09,2,159159,experiment/patterns/gcard/lsqb_glogs_with_pred_10/glogs/p10_09.json,experiment/patterns/sql/lsqb_glogs_with_pred_10/glogs/p10_09.sql,"[{""id"": 6, ""op"": ""eq"", ""predicate_id"": 1, ""property"": ""browserused"", ""target"": ""vertex"", ""value"": {""String"": ""Chrome""}}, {""id"": 1, ""op"": ""ge"", ""predicate_id"": 2, ""property"": ""creationdate"", ""target"": ""edge"", ""value"": {""Int64"": 1262304000000}}]"
glogs,p10,p10_10,4,157437,experiment/patterns/gcard/lsqb_glogs_with_pred_10/glogs/p10_10.json,experiment/patterns/sql/lsqb_glogs_with_pred_10/glogs/p10_10.sql,"[{""id"": 5, ""op"": ""le"", ""predicate_id"": 1, ""property"": ""birthday"", ""target"": ""vertex"", ""value"": {""Int64"": 631152000000}}, {""id"": 6, ""op"": ""eq"", ""predicate_id"": 2, ""property"": ""explicitlydeleted"", ""target"": ""vertex"", ""value"": {""Boolean"": false}}, {""id"": 1, ""op"": ""ge"", ""predicate_id"": 3, ""property"": ""creationdate"", ""target"": ""edge"", ""value"": {""Int64"": 1262304000000}}, {""id"": 6, ""op"": ""eq"", ""predicate_id"": 4, ""property"": ""browserused"", ""target"": ""vertex"", ""value"": {""String"": ""Chrome""}}]"
glogs,p1,p1_01,4,21348,experiment/patterns/gcard/lsqb_glogs_with_pred_10/glogs/p1_01.json,experiment/patterns/sql/lsqb_glogs_with_pred_10/glogs/p1_01.sql,"[{""id"": 2, ""op"": ""eq"", ""predicate_id"": 1, ""property"": ""gender"", ""target"": ""vertex"", ""value"": {""String"": ""male""}}, {""id"": 1, ""op"": ""ge"", ""predicate_id"": 2, ""property"": ""creationdate"", ""target"": ""edge"", ""value"": {""Int64"": 1262304000000}}, {""id"": 1, ""op"": ""eq"", ""predicate_id"": 3, ""property"": ""explicitlydeleted"", ""target"": ""vertex"", ""value"": {""Boolean"": false}}, {""id"": 1, ""op"": ""ge"", ""predicate_id"": 4, ""property"": ""deletiondate"", ""target"": ""edge"", ""value"": {""Int64"": 1356998400000}}]"
glogs,p1,p1_02,3,43461,experiment/patterns/gcard/lsqb_glogs_with_pred_10/glogs/p1_02.json,experiment/patterns/sql/lsqb_glogs_with_pred_10/glogs/p1_02.sql,"[{""id"": 2, ""op"": ""ge"", ""predicate_id"": 1, ""property"": ""birthday"", ""target"": ""vertex"", ""value"": {""Int64"": 315532800000}}, {""id"": 1, ""op"": ""eq"", ""predicate_id"": 2, ""property"": ""explicitlydeleted"", ""target"": ""vertex"", ""value"": {""Boolean"": false}}, {""id"": 1, ""op"": ""ge"", ""predicate_id"": 3, ""property"": ""creationdate"", ""target"": ""edge"", ""value"": {""Int64"": 1262304000000}}]"
glogs,p1,p1_03,2,252,experiment/patterns/gcard/lsqb_glogs_with_pred_10/glogs/p1_03.json,experiment/patterns/sql/lsqb_glogs_with_pred_10/glogs/p1_03.sql,"[{""id"": 3, ""op"": ""eq"", ""predicate_id"": 1, ""property"": ""name"", ""target"": ""vertex"", ""value"": {""String"": ""Rumi""}}, {""id"": 1, ""op"": ""ge"", ""predicate_id"": 2, ""property"": ""creationdate"", ""target"": ""edge"", ""value"": {""Int64"": 1262304000000}}]"
glogs,p1,p1_04,4,244,experiment/patterns/gcard/lsqb_glogs_with_pred_10/glogs/p1_04.json,experiment/patterns/sql/lsqb_glogs_with_pred_10/glogs/p1_04.sql,"[{""id"": 2, ""op"": ""ge"", ""predicate_id"": 1, ""property"": ""creationdate"", ""target"": ""vertex"", ""value"": {""Int64"": 1262304000000}}, {""id"": 1, ""op"": ""eq"", ""predicate_id"": 2, ""property"": ""explicitlydeleted"", ""target"": ""vertex"", ""value"": {""Boolean"": false}}, {""id"": 1, ""op"": ""ge"", ""predicate_id"": 3, ""property"": ""creationdate"", ""target"": ""edge"", ""value"": {""Int64"": 1262304000000}}, {""id"": 3, ""op"": ""eq"", ""predicate_id"": 4, ""property"": ""name"", ""target"": ""vertex"", ""value"": {""String"": ""Rumi""}}]"
glogs,p1,p1_05,3,244,experiment/patterns/gcard/lsqb_glogs_with_pred_10/glogs/p1_05.json,experiment/patterns/sql/lsqb_glogs_with_pred_10/glogs/p1_05.sql,"[{""id"": 3, ""op"": ""eq"", ""predicate_id"": 1, ""property"": ""name"", ""target"": ""vertex"", ""value"": {""String"": ""Rumi""}}, {""id"": 1, ""op"": ""ge"", ""predicate_id"": 2, ""property"": ""creationdate"", ""target"": ""edge"", ""value"": {""Int64"": 1262304000000}}, {""id"": 1, ""op"": ""eq"", ""predicate_id"": 3, ""property"": ""explicitlydeleted"", ""target"": ""vertex"", ""value"": {""Boolean"": false}}]"
glogs,p1,p1_06,2,43461,experiment/patterns/gcard/lsqb_glogs_with_pred_10/glogs/p1_06.json,experiment/patterns/sql/lsqb_glogs_with_pred_10/glogs/p1_06.sql,"[{""id"": 1, ""op"": ""ge"", ""predicate_id"": 1, ""property"": ""length"", ""target"": ""vertex"", ""value"": {""Int64"": 2}}, {""id"": 1, ""op"": ""eq"", ""predicate_id"": 2, ""property"": ""explicitlydeleted"", ""target"": ""vertex"", ""value"": {""Boolean"": false}}]"
glogs,p1,p1_07,4,11923,experiment/patterns/gcard/lsqb_glogs_with_pred_10/glogs/p1_07.json,experiment/patterns/sql/lsqb_glogs_with_pred_10/glogs/p1_07.sql,"[{""id"": 1, ""op"": ""eq"", ""predicate_id"": 1, ""property"": ""browserused"", ""target"": ""vertex"", ""value"": {""String"": ""Chrome""}}, {""id"": 1, ""op"": ""le"", ""predicate_id"": 2, ""property"": ""deletiondate"", ""target"": ""edge"", ""value"": {""Int64"": 1356998400000}}, {""id"": 1, ""op"": ""eq"", ""predicate_id"": 3, ""property"": ""explicitlydeleted"", ""target"": ""vertex"", ""value"": {""Boolean"": false}}, {""id"": 2, ""op"": ""ge"", ""predicate_id"": 4, ""property"": ""creationdate"", ""target"": ""edge"", ""value"": {""Int64"": 1262304000000}}]"
glogs,p1,p1_08,4,11923,experiment/patterns/gcard/lsqb_glogs_with_pred_10/glogs/p1_08.json,experiment/patterns/sql/lsqb_glogs_with_pred_10/glogs/p1_08.sql,"[{""id"": 1, ""op"": ""eq"", ""predicate_id"": 1, ""property"": ""browserused"", ""target"": ""vertex"", ""value"": {""String"": ""Chrome""}}, {""id"": 2, ""op"": ""le"", ""predicate_id"": 2, ""property"": ""deletiondate"", ""target"": ""edge"", ""value"": {""Int64"": 1577664000000}}, {""id"": 1, ""op"": ""eq"", ""predicate_id"": 3, ""property"": ""explicitlydeleted"", ""target"": ""vertex"", ""value"": {""Boolean"": false}}, {""id"": 3, ""op"": ""ge"", ""predicate_id"": 4, ""property"": ""creationdate"", ""target"": ""edge"", ""value"": {""Int64"": 1262304000000}}]"
glogs,p1,p1_09,3,586,experiment/patterns/gcard/lsqb_glogs_with_pred_10/glogs/p1_09.json,experiment/patterns/sql/lsqb_glogs_with_pred_10/glogs/p1_09.sql,"[{""id"": 1, ""op"": ""ge"", ""predicate_id"": 1, ""property"": ""length"", ""target"": ""vertex"", ""value"": {""Int64"": 2}}, {""id"": 1, ""op"": ""eq"", ""predicate_id"": 2, ""property"": ""explicitlydeleted"", ""target"": ""vertex"", ""value"": {""Boolean"": false}}, {""id"": 3, ""op"": ""le"", ""predicate_id"": 3, ""property"": ""creationdate"", ""target"": ""edge"", ""value"": {""Int64"": 1300000000000}}]"
glogs,p1,p1_10,2,12132,experiment/patterns/gcard/lsqb_glogs_with_pred_10/glogs/p1_10.json,experiment/patterns/sql/lsqb_glogs_with_pred_10/glogs/p1_10.sql,"[{""id"": 1, ""op"": ""eq"", ""predicate_id"": 1, ""property"": ""browserused"", ""target"": ""vertex"", ""value"": {""String"": ""Chrome""}}, {""id"": 1, ""op"": ""ge"", ""predicate_id"": 2, ""property"": ""creationdate"", ""target"": ""edge"", ""value"": {""Int64"": 1262304000000}}]"
glogs,p2,p2_01,3,7702,experiment/patterns/gcard/lsqb_glogs_with_pred_10/glogs/p2_01.json,experiment/patterns/sql/lsqb_glogs_with_pred_10/glogs/p2_01.sql,"[{""id"": 1, ""op"": ""ge"", ""predicate_id"": 1, ""property"": ""birthday"", ""target"": ""vertex"", ""value"": {""Int64"": 520905600000}}, {""id"": 3, ""op"": ""eq"", ""predicate_id"": 2, ""property"": ""explicitlydeleted"", ""target"": ""vertex"", ""value"": {""Boolean"": false}}, {""id"": 1, ""op"": ""ge"", ""predicate_id"": 3, ""property"": ""creationdate"", ""target"": ""edge"", ""value"": {""Int64"": 1262304000000}}]"
glogs,p2,p2_02,2,11036,experiment/patterns/gcard/lsqb_glogs_with_pred_10/glogs/p2_02.json,experiment/patterns/sql/lsqb_glogs_with_pred_10/glogs/p2_02.sql,"[{""id"": 2, ""op"": ""eq"", ""predicate_id"": 1, ""property"": ""gender"", ""target"": ""vertex"", ""value"": {""String"": ""male""}}, {""id"": 1, ""op"": ""ge"", ""predicate_id"": 2, ""property"": ""creationdate"", ""target"": ""edge"", ""value"": {""Int64"": 1262304000000}}]"
glogs,p2,p2_03,4,10891,experiment/patterns/gcard/lsqb_glogs_with_pred_10/glogs/p2_03.json,experiment/patterns/sql/lsqb_glogs_with_pred_10/glogs/p2_03.sql,"[{""id"": 2, ""op"": ""ge"", ""predicate_id"": 1, ""property"": ""birthday"", ""target"": ""vertex"", ""value"": {""Int64"": 315532800000}}, {""id"": 3, ""op"": ""eq"", ""predicate_id"": 2, ""property"": ""explicitlydeleted"", ""target"": ""vertex"", ""value"": {""Boolean"": false}}, {""id"": 1, ""op"": ""ge"", ""predicate_id"": 3, ""property"": ""creationdate"", ""target"": ""edge"", ""value"": {""Int64"": 1262304000000}}, {""id"": 2, ""op"": ""eq"", ""predicate_id"": 4, ""property"": ""gender"", ""target"": ""vertex"", ""value"": {""String"": ""male""}}]"
glogs,p2,p2_04,3,6077,experiment/patterns/gcard/lsqb_glogs_with_pred_10/glogs/p2_04.json,experiment/patterns/sql/lsqb_glogs_with_pred_10/glogs/p2_04.sql,"[{""id"": 3, ""op"": ""eq"", ""predicate_id"": 1, ""property"": ""browserused"", ""target"": ""vertex"", ""value"": {""String"": ""Chrome""}}, {""id"": 1, ""op"": ""ge"", ""predicate_id"": 2, ""property"": ""creationdate"", ""target"": ""edge"", ""value"": {""Int64"": 1262304000000}}, {""id"": 3, ""op"": ""eq"", ""predicate_id"": 3, ""property"": ""explicitlydeleted"", ""target"": ""vertex"", ""value"": {""Boolean"": false}}]"
glogs,p2,p2_05,2,16147,experiment/patterns/gcard/lsqb_glogs_with_pred_10/glogs/p2_05.json,experiment/patterns/sql/lsqb_glogs_with_pred_10/glogs/p2_05.sql,"[{""id"": 2, ""op"": ""ge"", ""predicate_id"": 1, ""property"": ""creationdate"", ""target"": ""vertex"", ""value"": {""Int64"": 1285917807738}}, {""id"": 3, ""op"": ""eq"", ""predicate_id"": 2, ""property"": ""explicitlydeleted"", ""target"": ""vertex"", ""value"": {""Boolean"": false}}]"
glogs,p2,p2_06,4,6071,experiment/patterns/gcard/lsqb_glogs_with_pred_10/glogs/p2_06.json,experiment/patterns/sql/lsqb_glogs_with_pred_10/glogs/p2_06.sql,"[{""id"": 3, ""op"": ""eq"", ""predicate_id"": 1, ""property"": ""browserused"", ""target"": ""vertex"", ""value"": {""String"": ""Chrome""}}, {""id"": 1, ""op"": ""ge"", ""predicate_id"": 2, ""property"": ""creationdate"", ""target"": ""edge"", ""value"": {""Int64"": 1262304000000}}, {""id"": 3, ""op"": ""eq"", ""predicate_id"": 3, ""property"": ""explicitlydeleted"", ""target"": ""vertex"", ""value"": {""Boolean"": false}}, {""id"": 1, ""op"": ""ge"", ""predicate_id"": 4, ""property"": ""deletiondate"", ""target"": ""edge"", ""value"": {""Int64"": 1356998400000}}]"
glogs,p2,p2_07,2,21952,experiment/patterns/gcard/lsqb_glogs_with_pred_10/glogs/p2_07.json,experiment/patterns/sql/lsqb_glogs_with_pred_10/glogs/p2_07.sql,"[{""id"": 1, ""op"": ""ge"", ""predicate_id"": 1, ""property"": ""birthday"", ""target"": ""vertex"", ""value"": {""Int64"": 315532800000}}, {""id"": 3, ""op"": ""eq"", ""predicate_id"": 2, ""property"": ""explicitlydeleted"", ""target"": ""vertex"", ""value"": {""Boolean"": false}}]"
glogs,p2,p2_08,4,2808,experiment/patterns/gcard/lsqb_glogs_with_pred_10/glogs/p2_08.json,experiment/patterns/sql/lsqb_glogs_with_pred_10/glogs/p2_08.sql,"[{""id"": 1, ""op"": ""eq"", ""predicate_id"": 1, ""property"": ""gender"", ""target"": ""vertex"", ""value"": {""String"": ""male""}}, {""id"": 1, ""op"": ""le"", ""predicate_id"": 2, ""property"": ""creationdate"", ""target"": ""edge"", ""value"": {""Int64"": 1285917807738}}, {""id"": 3, ""op"": ""eq"", ""predicate_id"": 3, ""property"": ""explicitlydeleted"", ""target"": ""vertex"", ""value"": {""Boolean"": false}}, {""id"": 1, ""op"": ""ge"", ""predicate_id"": 4, ""property"": ""deletiondate"", ""target"": ""edge"", ""value"": {""Int64"": 1356998400000}}]"
glogs,p2,p2_09,3,21952,experiment/patterns/gcard/lsqb_glogs_with_pred_10/glogs/p2_09.json,experiment/patterns/sql/lsqb_glogs_with_pred_10/glogs/p2_09.sql,"[{""id"": 1, ""op"": ""ge"", ""predicate_id"": 1, ""property"": ""birthday"", ""target"": ""vertex"", ""value"": {""Int64"": 315532800000}}, {""id"": 3, ""op"": ""eq"", ""predicate_id"": 2, ""property"": ""explicitlydeleted"", ""target"": ""vertex"", ""value"": {""Boolean"": false}}, {""id"": 2, ""op"": ""ge"", ""predicate_id"": 3, ""property"": ""creationdate"", ""target"": ""edge"", ""value"": {""Int64"": 1262304000000}}]"
glogs,p2,p2_10,2,4648,experiment/patterns/gcard/lsqb_glogs_with_pred_10/glogs/p2_10.json,experiment/patterns/sql/lsqb_glogs_with_pred_10/glogs/p2_10.sql,"[{""id"": 1, ""op"": ""eq"", ""predicate_id"": 1, ""property"": ""gender"", ""target"": ""vertex"", ""value"": {""String"": ""male""}}, {""id"": 2, ""op"": ""le"", ""predicate_id"": 2, ""property"": ""creationdate"", ""target"": ""edge"", ""value"": {""Int64"": 1300000000000}}]"
glogs,p4,p4_01,3,61468805,experiment/patterns/gcard/lsqb_glogs_with_pred_10/glogs/p4_01.json,experiment/patterns/sql/lsqb_glogs_with_pred_10/glogs/p4_01.sql,"[{""id"": 1, ""op"": ""ge"", ""predicate_id"": 1, ""property"": ""birthday"", ""target"": ""vertex"", ""value"": {""Int64"": 520905600000}}, {""id"": 2, ""op"": ""eq"", ""predicate_id"": 2, ""property"": ""explicitlydeleted"", ""target"": ""vertex"", ""value"": {""Boolean"": false}}, {""id"": 1, ""op"": ""ge"", ""predicate_id"": 3, ""property"": ""creationdate"", ""target"": ""edge"", ""value"": {""Int64"": 1262304000000}}]"
glogs,p4,p4_02,2,50576799,experiment/patterns/gcard/lsqb_glogs_with_pred_10/glogs/p4_02.json,experiment/patterns/sql/lsqb_glogs_with_pred_10/glogs/p4_02.sql,"[{""id"": 2, ""op"": ""eq"", ""predicate_id"": 1, ""property"": ""browserused"", ""target"": ""vertex"", ""value"": {""String"": ""Chrome""}}, {""id"": 1, ""op"": ""ge"", ""predicate_id"": 2, ""property"": ""creationdate"", ""target"": ""edge"", ""value"": {""Int64"": 1262304000000}}]"
glogs,p4,p4_03,4,49658968,experiment/patterns/gcard/lsqb_glogs_with_pred_10/glogs/p4_03.json,experiment/patterns/sql/lsqb_glogs_with_pred_10/glogs/p4_03.sql,"[{""id"": 2, ""op"": ""ge"", ""predicate_id"": 1, ""property"": ""length"", ""target"": ""vertex"", ""value"": {""Int64"": 2}}, {""id"": 2, ""op"": ""eq"", ""predicate_id"": 2, ""property"": ""explicitlydeleted"", ""target"": ""vertex"", ""value"": {""Boolean"": false}}, {""id"": 1, ""op"": ""ge"", ""predicate_id"": 3, ""property"": ""creationdate"", ""target"": ""edge"", ""value"": {""Int64"": 1262304000000}}, {""id"": 2, ""op"": ""eq"", ""predicate_id"": 4, ""property"": ""browserused"", ""target"": ""vertex"", ""value"": {""String"": ""Chrome""}}]"
glogs,p4,p4_04,3,49658968,experiment/patterns/gcard/lsqb_glogs_with_pred_10/glogs/p4_04.json,experiment/patterns/sql/lsqb_glogs_with_pred_10/glogs/p4_04.sql,"[{""id"": 2, ""op"": ""eq"", ""predicate_id"": 1, ""property"": ""browserused"", ""target"": ""vertex"", ""value"": {""String"": ""Chrome""}}, {""id"": 1, ""op"": ""ge"", ""predicate_id"": 2, ""property"": ""creationdate"", ""target"": ""edge"", ""value"": {""Int64"": 1262304000000}}, {""id"": 2, ""op"": ""eq"", ""predicate_id"": 3, ""property"": ""explicitlydeleted"", ""target"": ""vertex"", ""value"": {""Boolean"": false}}]"
glogs,p4,p4_05,2,176737289,experiment/patterns/gcard/lsqb_glogs_with_pred_10/glogs/p4_05.json,experiment/patterns/sql/lsqb_glogs_with_pred_10/glogs/p4_05.sql,"[{""id"": 2, ""op"": ""ge"", ""predicate_id"": 1, ""property"": ""creationdate"", ""target"": ""vertex"", ""value"": {""Int64"": 1285917807738}}, {""id"": 2, ""op"": ""eq"", ""predicate_id"": 2, ""property"": ""explicitlydeleted"", ""target"": ""vertex"", ""value"": {""Boolean"": false}}]"
glogs,p4,p4_06,4,39569205,experiment/patterns/gcard/lsqb_glogs_with_pred_10/glogs/p4_06.json,experiment/patterns/sql/lsqb_glogs_with_pred_10/glogs/p4_06.sql,"[{""id"": 3, ""op"": ""eq"", ""predicate_id"": 1, ""property"": ""browserused"", ""target"": ""vertex"", ""value"": {""String"": ""Chrome""}}, {""id"": 1, ""op"": ""ge"", ""predicate_id"": 2, ""property"": ""creationdate"", ""target"": ""edge"", ""value"": {""Int64"": 1262304000000}}, {""id"": 2, ""op"": ""eq"", ""predicate_id"": 3, ""property"": ""explicitlydeleted"", ""target"": ""vertex"", ""value"": {""Boolean"": false}}, {""id"": 1, ""op"": ""ge"", ""predicate_id"": 4, ""property"": ""deletiondate"", ""target"": ""edge"", ""value"": {""Int64"": 1356998400000}}]"
glogs,p4,p4_07,4,68524836,experiment/patterns/gcard/lsqb_glogs_with_pred_10/glogs/p4_07.json,experiment/patterns/sql/lsqb_glogs_with_pred_10/glogs/p4_07.sql,"[{""id"": 3, ""op"": ""eq"", ""predicate_id"": 1, ""property"": ""language"", ""target"": ""vertex"", ""value"": {""String"": ""en""}}, {""id"": 1, ""op"": ""ge"", ""predicate_id"": 2, ""property"": ""creationdate"", ""target"": ""edge"", ""value"": {""Int64"": 1262304000000}}, {""id"": 3, ""op"": ""eq"", ""predicate_id"": 3, ""property"": ""explicitlydeleted"", ""target"": ""vertex"", ""value"": {""Boolean"": false}}, {""id"": 1, ""op"": ""ge"", ""predicate_id"": 4, ""property"": ""deletiondate"", ""target"": ""edge"", ""value"": {""Int64"": 1356998400000}}]"
glogs,p4,p4_08,4,86513575,experiment/patterns/gcard/lsqb_glogs_with_pred_10/glogs/p4_08.json,experiment/patterns/sql/lsqb_glogs_with_pred_10/glogs/p4_08.sql,"[{""id"": 5, ""op"": ""eq"", ""predicate_id"": 1, ""property"": ""gender"", ""target"": ""vertex"", ""value"": {""String"": ""male""}}, {""id"": 1, ""op"": ""ge"", ""predicate_id"": 2, ""property"": ""creationdate"", ""target"": ""edge"", ""value"": {""Int64"": 1262304000000}}, {""id"": 4, ""op"": ""eq"", ""predicate_id"": 3, ""property"": ""explicitlydeleted"", ""target"": ""vertex"", ""value"": {""Boolean"": false}}, {""id"": 1, ""op"": ""ge"", ""predicate_id"": 4, ""property"": ""deletiondate"", ""target"": ""edge"", ""value"": {""Int64"": 1356998400000}}]"
glogs,p4,p4_09,3,177268850,experiment/patterns/gcard/lsqb_glogs_with_pred_10/glogs/p4_09.json,experiment/patterns/sql/lsqb_glogs_with_pred_10/glogs/p4_09.sql,"[{""id"": 5, ""op"": ""ge"", ""predicate_id"": 1, ""property"": ""birthday"", ""target"": ""vertex"", ""value"": {""Int64"": 315532800000}}, {""id"": 2, ""op"": ""eq"", ""predicate_id"": 2, ""property"": ""explicitlydeleted"", ""target"": ""vertex"", ""value"": {""Boolean"": false}}, {""id"": 1, ""op"": ""ge"", ""predicate_id"": 3, ""property"": ""creationdate"", ""target"": ""edge"", ""value"": {""Int64"": 1262304000000}}]"
glogs,p4,p4_10,2,89184975,experiment/patterns/gcard/lsqb_glogs_with_pred_10/glogs/p4_10.json,experiment/patterns/sql/lsqb_glogs_with_pred_10/glogs/p4_10.sql,"[{""id"": 1, ""op"": ""eq"", ""predicate_id"": 1, ""property"": ""gender"", ""target"": ""vertex"", ""value"": {""String"": ""male""}}, {""id"": 1, ""op"": ""ge"", ""predicate_id"": 2, ""property"": ""creationdate"", ""target"": ""edge"", ""value"": {""Int64"": 1262304000000}}]"
glogs,p5,p5_01,4,39,experiment/patterns/gcard/lsqb_glogs_with_pred_10/glogs/p5_01.json,experiment/patterns/sql/lsqb_glogs_with_pred_10/glogs/p5_01.sql,"[{""id"": 2, ""op"": ""eq"", ""predicate_id"": 1, ""property"": ""browserused"", ""target"": ""vertex"", ""value"": {""String"": ""Chrome""}}, {""id"": 1, ""op"": ""ge"", ""predicate_id"": 2, ""property"": ""creationdate"", ""target"": ""edge"", ""value"": {""Int64"": 1262304000000}}, {""id"": 1, ""op"": ""eq"", ""predicate_id"": 3, ""property"": ""explicitlydeleted"", ""target"": ""vertex"", ""value"": {""Boolean"": false}}, {""id"": 1, ""op"": ""ge"", ""predicate_id"": 4, ""property"": ""deletiondate"", ""target"": ""edge"", ""value"": {""Int64"": 1356998400000}}]"
glogs,p5,p5_02,3,199,experiment/patterns/gcard/lsqb_glogs_with_pred_10/glogs/p5_02.json,experiment/patterns/sql/lsqb_glogs_with_pred_10/glogs/p5_02.sql,"[{""id"": 2, ""op"": ""ge"", ""predicate_id"": 1, ""property"": ""length"", ""target"": ""vertex"", ""value"": {""Int64"": 2}}, {""id"": 1, ""op"": ""eq"", ""predicate_id"": 2, ""property"": ""explicitlydeleted"", ""target"": ""vertex"", ""value"": {""Boolean"": false}}, {""id"": 1, ""op"": ""ge"", ""predicate_id"": 3, ""property"": ""creationdate"", ""target"": ""edge"", ""value"": {""Int64"": 1262304000000}}]"
glogs,p5,p5_03,2,41,experiment/patterns/gcard/lsqb_glogs_with_pred_10/glogs/p5_03.json,experiment/patterns/sql/lsqb_glogs_with_pred_10/glogs/p5_03.sql,"[{""id"": 2, ""op"": ""eq"", ""predicate_id"": 1, ""property"": ""browserused"", ""target"": ""vertex"", ""value"": {""String"": ""Chrome""}}, {""id"": 1, ""op"": ""ge"", ""predicate_id"": 2, ""property"": ""creationdate"", ""target"": ""edge"", ""value"": {""Int64"": 1262304000000}}]"
glogs,p5,p5_04,4,90,experiment/patterns/gcard/lsqb_glogs_with_pred_10/glogs/p5_04.json,experiment/patterns/sql/lsqb_glogs_with_pred_10/glogs/p5_04.sql,"[{""id"": 2, ""op"": ""ge"", ""predicate_id"": 1, ""property"": ""creationdate"", ""target"": ""vertex"", ""value"": {""Int64"": 1262304000000}}, {""id"": 2, ""op"": ""eq"", ""predicate_id"": 2, ""property"": ""explicitlydeleted"", ""target"": ""vertex"", ""value"": {""Boolean"": false}}, {""id"": 1, ""op"": ""ge"", ""predicate_id"": 3, ""property"": ""creationdate"", ""target"": ""edge"", ""value"": {""Int64"": 1262304000000}}, {""id"": 3, ""op"": ""eq"", ""predicate_id"": 4, ""property"": ""gender"", ""target"": ""vertex"", ""value"": {""String"": ""male""}}]"
glogs,p5,p5_05,3,90,experiment/patterns/gcard/lsqb_glogs_with_pred_10/glogs/p5_05.json,experiment/patterns/sql/lsqb_glogs_with_pred_10/glogs/p5_05.sql,"[{""id"": 3, ""op"": ""eq"", ""predicate_id"": 1, ""property"": ""gender"", ""target"": ""vertex"", ""value"": {""String"": ""male""}}, {""id"": 1, ""op"": ""ge"", ""predicate_id"": 2, ""property"": ""creationdate"", ""target"": ""edge"", ""value"": {""Int64"": 1262304000000}}, {""id"": 2, ""op"": ""eq"", ""predicate_id"": 3, ""property"": ""explicitlydeleted"", ""target"": ""vertex"", ""value"": {""Boolean"": false}}]"
glogs,p5,p5_06,2,199,experiment/patterns/gcard/lsqb_glogs_with_pred_10/glogs/p5_06.json,experiment/patterns/sql/lsqb_glogs_with_pred_10/glogs/p5_06.sql,"[{""id"": 3, ""op"": ""ge"", ""predicate_id"": 1, ""property"": ""birthday"", ""target"": ""vertex"", ""value"": {""Int64"": 315532800000}}, {""id"": 1, ""op"": ""eq"", ""predicate_id"": 2, ""property"": ""explicitlydeleted"", ""target"": ""vertex"", ""value"": {""Boolean"": false}}]"
glogs,p5,p5_07,4,108,experiment/patterns/gcard/lsqb_glogs_with_pred_10/glogs/p5_07.json,experiment/patterns/sql/lsqb_glogs_with_pred_10/glogs/p5_07.sql,"[{""id"": 4, ""op"": ""eq"", ""predicate_id"": 1, ""property"": ""gender"", ""target"": ""vertex"", ""value"": {""String"": ""male""}}, {""id"": 1, ""op"": ""ge"", ""predicate_id"": 2, ""property"": ""creationdate"", ""target"": ""edge"", ""value"": {""Int64"": 1262304000000}}, {""id"": 1, ""op"": ""eq"", ""predicate_id"": 3, ""property"": ""explicitlydeleted"", ""target"": ""vertex"", ""value"": {""Boolean"": false}}, {""id"": 1, ""op"": ""ge"", ""predicate_id"": 4, ""property"": ""deletiondate"", ""target"": ""edge"", ""value"": {""Int64"": 1356998400000}}]"
glogs,p5,p5_08,3,98,experiment/patterns/gcard/lsqb_glogs_with_pred_10/glogs/p5_08.json,experiment/patterns/sql/lsqb_glogs_with_pred_10/glogs/p5_08.sql,"[{""id"": 3, ""op"": ""le"", ""predicate_id"": 1, ""property"": ""creationdate"", ""target"": ""vertex"", ""value"": {""Int64"": 1300000000000}}, {""id"": 1, ""op"": ""eq"", ""predicate_id"": 2, ""property"": ""explicitlydeleted"", ""target"": ""vertex"", ""value"": {""Boolean"": false}}, {""id"": 1, ""op"": ""ge"", ""predicate_id"": 3, ""property"": ""creationdate"", ""target"": ""edge"", ""value"": {""Int64"": 1262304000000}}]"
glogs,p5,p5_09,2,56,experiment/patterns/gcard/lsqb_glogs_with_pred_10/glogs/p5_09.json,experiment/patterns/sql/lsqb_glogs_with_pred_10/glogs/p5_09.sql,"[{""id"": 1, ""op"": ""eq"", ""predicate_id"": 1, ""property"": ""browserused"", ""target"": ""vertex"", ""value"": {""String"": ""Chrome""}}, {""id"": 1, ""op"": ""ge"", ""predicate_id"": 2, ""property"": ""creationdate"", ""target"": ""edge"", ""value"": {""Int64"": 1262304000000}}]"
glogs,p5,p5_10,4,56,experiment/patterns/gcard/lsqb_glogs_with_pred_10/glogs/p5_10.json,experiment/patterns/sql/lsqb_glogs_with_pred_10/glogs/p5_10.sql,"[{""id"": 4, ""op"": ""le"", ""predicate_id"": 1, ""property"": ""birthday"", ""target"": ""vertex"", ""value"": {""Int64"": 631152000000}}, {""id"": 1, ""op"": ""eq"", ""predicate_id"": 2, ""property"": ""explicitlydeleted"", ""target"": ""vertex"", ""value"": {""Boolean"": false}}, {""id"": 1, ""op"": ""ge"", ""predicate_id"": 3, ""property"": ""creationdate"", ""target"": ""edge"", ""value"": {""Int64"": 1262304000000}}, {""id"": 1, ""op"": ""eq"", ""predicate_id"": 4, ""property"": ""browserused"", ""target"": ""vertex"", ""value"": {""String"": ""Chrome""}}]"
glogs,p6,p6_01,3,1675432,experiment/patterns/gcard/lsqb_glogs_with_pred_10/glogs/p6_01.json,experiment/patterns/sql/lsqb_glogs_with_pred_10/glogs/p6_01.sql,"[{""id"": 1, ""op"": ""le"", ""predicate_id"": 1, ""property"": ""creationdate"", ""target"": ""vertex"", ""value"": {""Int64"": 1325376000000}}, {""id"": 1, ""op"": ""eq"", ""predicate_id"": 2, ""property"": ""explicitlydeleted"", ""target"": ""vertex"", ""value"": {""Boolean"": false}}, {""id"": 1, ""op"": ""ge"", ""predicate_id"": 3, ""property"": ""creationdate"", ""target"": ""edge"", ""value"": {""Int64"": 1262304000000}}]"
glogs,p6,p6_02,2,1471052,experiment/patterns/gcard/lsqb_glogs_with_pred_10/glogs/p6_02.json,experiment/patterns/sql/lsqb_glogs_with_pred_10/glogs/p6_02.sql,"[{""id"": 3, ""op"": ""eq"", ""predicate_id"": 1, ""property"": ""gender"", ""target"": ""vertex"", ""value"": {""String"": ""male""}}, {""id"": 1, ""op"": ""ge"", ""predicate_id"": 2, ""property"": ""creationdate"", ""target"": ""edge"", ""value"": {""Int64"": 1262304000000}}]"
glogs,p6,p6_03,4,1441842,experiment/patterns/gcard/lsqb_glogs_with_pred_10/glogs/p6_03.json,experiment/patterns/sql/lsqb_glogs_with_pred_10/glogs/p6_03.sql,"[{""id"": 2, ""op"": ""le"", ""predicate_id"": 1, ""property"": ""birthday"", ""target"": ""vertex"", ""value"": {""Int64"": 631152000000}}, {""id"": 4, ""op"": ""eq"", ""predicate_id"": 2, ""property"": ""explicitlydeleted"", ""target"": ""vertex"", ""value"": {""Boolean"": false}}, {""id"": 1, ""op"": ""ge"", ""predicate_id"": 3, ""property"": ""creationdate"", ""target"": ""edge"", ""value"": {""Int64"": 1262304000000}}, {""id"": 3, ""op"": ""eq"", ""predicate_id"": 4, ""property"": ""gender"", ""target"": ""vertex"", ""value"": {""String"": ""male""}}]"
glogs,p6,p6_04,3,1441842,experiment/patterns/gcard/lsqb_glogs_with_pred_10/glogs/p6_04.json,experiment/patterns/sql/lsqb_glogs_with_pred_10/glogs/p6_04.sql,"[{""id"": 3, ""op"": ""eq"", ""predicate_id"": 1, ""property"": ""gender"", ""target"": ""vertex"", ""value"": {""String"": ""male""}}, {""id"": 1, ""op"": ""ge"", ""predicate_id"": 2, ""property"": ""creationdate"", ""target"": ""edge"", ""value"": {""Int64"": 1262304000000}}, {""id"": 4, ""op"": ""eq"", ""predicate_id"": 3, ""property"": ""explicitlydeleted"", ""target"": ""vertex"", ""value"": {""Boolean"": false}}]"
glogs,p6,p6_05,2,2916228,experiment/patterns/gcard/lsqb_glogs_with_pred_10/glogs/p6_05.json,experiment/patterns/sql/lsqb_glogs_with_pred_10/glogs/p6_05.sql,"[{""id"": 3, ""op"": ""ge"", ""predicate_id"": 1, ""property"": ""birthday"", ""target"": ""vertex"", ""value"": {""Int64"": 315532800000}}, {""id"": 4, ""op"": ""eq"", ""predicate_id"": 2, ""property"": ""explicitlydeleted"", ""target"": ""vertex"", ""value"": {""Boolean"": false}}]"
glogs,p6,p6_06,4,770385,experiment/patterns/gcard/lsqb_glogs_with_pred_10/glogs/p6_06.json,experiment/patterns/sql/lsqb_glogs_with_pred_10/glogs/p6_06.sql,"[{""id"": 4, ""op"": ""eq"", ""predicate_id"": 1, ""property"": ""browserused"", ""target"": ""vertex"", ""value"": {""String"": ""Chrome""}}, {""id"": 1, ""op"": ""ge"", ""predicate_id"": 2, ""property"": ""creationdate"", ""target"": ""edge"", ""value"": {""Int64"": 1262304000000}}, {""id"": 4, ""op"": ""eq"", ""predicate_id"": 3, ""property"": ""explicitlydeleted"", ""target"": ""vertex"", ""value"": {""Boolean"": false}}, {""id"": 1, ""op"": ""ge"", ""predicate_id"": 4, ""property"": ""deletiondate"", ""target"": ""edge"", ""value"": {""Int64"": 1356998400000}}]"
glogs,p6,p6_07,3,1549566,experiment/patterns/gcard/lsqb_glogs_with_pred_10/glogs/p6_07.json,experiment/patterns/sql/lsqb_glogs_with_pred_10/glogs/p6_07.sql,"[{""id"": 3, ""op"": ""le"", ""predicate_id"": 1, ""property"": ""creationdate"", ""target"": ""vertex"", ""value"": {""Int64"": 1300000000000}}, {""id"": 4, ""op"": ""eq"", ""predicate_id"": 2, ""property"": ""explicitlydeleted"", ""target"": ""vertex"", ""value"": {""Boolean"": false}}, {""id"": 1, ""op"": ""ge"", ""predicate_id"": 3, ""property"": ""creationdate"", ""target"": ""edge"", ""value"": {""Int64"": 1262304000000}}]"
glogs,p6,p6_08,2,815648,experiment/patterns/gcard/lsqb_glogs_with_pred_10/glogs/p6_08.json,experiment/patterns/sql/lsqb_glogs_with_pred_10/glogs/p6_08.sql,"[{""id"": 4, ""op"": ""eq"", ""predicate_id"": 1, ""property"": ""browserused"", ""target"": ""vertex"", ""value"": {""String"": ""Chrome""}}, {""id"": 1, ""op"": ""ge"", ""predicate_id"": 2, ""property"": ""creationdate"", ""target"": ""edge"", ""value"": {""Int64"": 1262304000000}}]"
glogs,p6,p6_09,4,770502,experiment/patterns/gcard/lsqb_glogs_with_pred_10/glogs/p6_09.json,experiment/patterns/sql/lsqb_glogs_with_pred_10/glogs/p6_09.sql,"[{""id"": 4, ""op"": ""ge"", ""predicate_id"": 1, ""property"": ""creationdate"", ""target"": ""vertex"", ""value"": {""Int64"": 1262304000000}}, {""id"": 4, ""op"": ""eq"", ""predicate_id"": 2, ""property"": ""explicitlydeleted"", ""target"": ""vertex"", ""value"": {""Boolean"": false}}, {""id"": 1, ""op"": ""ge"", ""predicate_id"": 3, ""property"": ""creationdate"", ""target"": ""edge"", ""value"": {""Int64"": 1262304000000}}, {""id"": 4, ""op"": ""eq"", ""predicate_id"": 4, ""property"": ""browserused"", ""target"": ""vertex"", ""value"": {""String"": ""Internet Explorer""}}]"
glogs,p6,p6_10,3,1441842,experiment/patterns/gcard/lsqb_glogs_with_pred_10/glogs/p6_10.json,experiment/patterns/sql/lsqb_glogs_with_pred_10/glogs/p6_10.sql,"[{""id"": 2, ""op"": ""eq"", ""predicate_id"": 1, ""property"": ""gender"", ""target"": ""vertex"", ""value"": {""String"": ""male""}}, {""id"": 1, ""op"": ""ge"", ""predicate_id"": 2, ""property"": ""creationdate"", ""target"": ""edge"", ""value"": {""Int64"": 1262304000000}}, {""id"": 4, ""op"": ""eq"", ""predicate_id"": 3, ""property"": ""explicitlydeleted"", ""target"": ""vertex"", ""value"": {""Boolean"": false}}]"
glogs,p7,p7_01,3,3722041,experiment/patterns/gcard/lsqb_glogs_with_pred_10/glogs/p7_01.json,experiment/patterns/sql/lsqb_glogs_with_pred_10/glogs/p7_01.sql,"[{""id"": 1, ""op"": ""ge"", ""predicate_id"": 1, ""property"": ""birthday"", ""target"": ""vertex"", ""value"": {""Int64"": 520905600000}}, {""id"": 3, ""op"": ""eq"", ""predicate_id"": 2, ""property"": ""explicitlydeleted"", ""target"": ""vertex"", ""value"": {""Boolean"": false}}, {""id"": 1, ""op"": ""ge"", ""predicate_id"": 3, ""property"": ""creationdate"", ""target"": ""edge"", ""value"": {""Int64"": 1262304000000}}]"
glogs,p7,p7_02,2,5050092,experiment/patterns/gcard/lsqb_glogs_with_pred_10/glogs/p7_02.json,experiment/patterns/sql/lsqb_glogs_with_pred_10/glogs/p7_02.sql,"[{""id"": 2, ""op"": ""eq"", ""predicate_id"": 1, ""property"": ""gender"", ""target"": ""vertex"", ""value"": {""String"": ""male""}}, {""id"": 1, ""op"": ""ge"", ""predicate_id"": 2, ""property"": ""creationdate"", ""target"": ""edge"", ""value"": {""Int64"": 1262304000000}}]"
glogs,p7,p7_03,4,5049659,experiment/patterns/gcard/lsqb_glogs_with_pred_10/glogs/p7_03.json,experiment/patterns/sql/lsqb_glogs_with_pred_10/glogs/p7_03.sql,"[{""id"": 2, ""op"": ""ge"", ""predicate_id"": 1, ""property"": ""birthday"", ""target"": ""vertex"", ""value"": {""Int64"": 315532800000}}, {""id"": 3, ""op"": ""eq"", ""predicate_id"": 2, ""property"": ""explicitlydeleted"", ""target"": ""vertex"", ""value"": {""Boolean"": false}}, {""id"": 1, ""op"": ""ge"", ""predicate_id"": 3, ""property"": ""creationdate"", ""target"": ""edge"", ""value"": {""Int64"": 1262304000000}}, {""id"": 2, ""op"": ""eq"", ""predicate_id"": 4, ""property"": ""gender"", ""target"": ""vertex"", ""value"": {""String"": ""male""}}]"
glogs,p7,p7_04,3,2442285,experiment/patterns/gcard/lsqb_glogs_with_pred_10/glogs/p7_04.json,experiment/patterns/sql/lsqb_glogs_with_pred_10/glogs/p7_04.sql,"[{""id"": 3, ""op"": ""eq"", ""predicate_id"": 1, ""property"": ""browserused"", ""target"": ""vertex"", ""value"": {""String"": ""Chrome""}}, {""id"": 1, ""op"": ""ge"", ""predicate_id"": 2, ""property"": ""creationdate"", ""target"": ""edge"", ""value"": {""Int64"": 1262304000000}}, {""id"": 3, ""op"": ""eq"", ""predicate_id"": 3, ""property"": ""explicitlydeleted"", ""target"": ""vertex"", ""value"": {""Boolean"": false}}]"
glogs,p7,p7_05,2,6848530,experiment/patterns/gcard/lsqb_glogs_with_pred_10/glogs/p7_05.json,experiment/patterns/sql/lsqb_glogs_with_pred_10/glogs/p7_05.sql,"[{""id"": 2, ""op"": ""ge"", ""predicate_id"": 1, ""property"": ""creationdate"", ""target"": ""vertex"", ""value"": {""Int64"": 1285917807738}}, {""id"": 3, ""op"": ""eq"", ""predicate_id"": 2, ""property"": ""explicitlydeleted"", ""target"": ""vertex"", ""value"": {""Boolean"": false}}]"
glogs,p7,p7_06,4,2289626,experiment/patterns/gcard/lsqb_glogs_with_pred_10/glogs/p7_06.json,experiment/patterns/sql/lsqb_glogs_with_pred_10/glogs/p7_06.sql,"[{""id"": 3, ""op"": ""eq"", ""predicate_id"": 1, ""property"": ""browserused"", ""target"": ""vertex"", ""value"": {""String"": ""Chrome""}}, {""id"": 1, ""op"": ""ge"", ""predicate_id"": 2, ""property"": ""creationdate"", ""target"": ""edge"", ""value"": {""Int64"": 1262304000000}}, {""id"": 3, ""op"": ""eq"", ""predicate_id"": 3, ""property"": ""explicitlydeleted"", ""target"": ""vertex"", ""value"": {""Boolean"": false}}, {""id"": 1, ""op"": ""ge"", ""predicate_id"": 4, ""property"": ""deletiondate"", ""target"": ""edge"", ""value"": {""Int64"": 1356998400000}}]"
glogs,p7,p7_07,4,2307723,experiment/patterns/gcard/lsqb_glogs_with_pred_10/glogs/p7_07.json,experiment/patterns/sql/lsqb_glogs_with_pred_10/glogs/p7_07.sql,"[{""id"": 4, ""op"": ""eq"", ""predicate_id"": 1, ""property"": ""browserused"", ""target"": ""vertex"", ""value"": {""String"": ""Chrome""}}, {""id"": 1, ""op"": ""ge"", ""predicate_id"": 2, ""property"": ""creationdate"", ""target"": ""edge"", ""value"": {""Int64"": 1262304000000}}, {""id"": 3, ""op"": ""eq"", ""predicate_id"": 3, ""property"": ""explicitlydeleted"", ""target"": ""vertex"", ""value"": {""Boolean"": false}}, {""id"": 1, ""op"": ""ge"", ""predicate_id"": 4, ""property"": ""deletiondate"", ""target"": ""edge"", ""value"": {""Int64"": 1356998400000}}]"
glogs,p7,p7_08,3,9894391,experiment/patterns/gcard/lsqb_glogs_with_pred_10/glogs/p7_08.json,experiment/patterns/sql/lsqb_glogs_with_pred_10/glogs/p7_08.sql,"[{""id"": 4, ""op"": ""ge"", ""predicate_id"": 1, ""property"": ""length"", ""target"": ""vertex"", ""value"": {""Int64"": 2}}, {""id"": 3, ""op"": ""eq"", ""predicate_id"": 2, ""property"": ""explicitlydeleted"", ""target"": ""vertex"", ""value"": {""Boolean"": false}}, {""id"": 1, ""op"": ""ge"", ""predicate_id"": 3, ""property"": ""creationdate"", ""target"": ""edge"", ""value"": {""Int64"": 1262304000000}}]"
glogs,p7,p7_09,2,2460341,experiment/patterns/gcard/lsqb_glogs_with_pred_10/glogs/p7_09.json,experiment/patterns/sql/lsqb_glogs_with_pred_10/glogs/p7_09.sql,"[{""id"": 4, ""op"": ""eq"", ""predicate_id"": 1, ""property"": ""browserused"", ""target"": ""vertex"", ""value"": {""String"": ""Chrome""}}, {""id"": 1, ""op"": ""ge"", ""predicate_id"": 2, ""property"": ""creationdate"", ""target"": ""edge"", ""value"": {""Int64"": 1262304000000}}]"
glogs,p7,p7_10,4,4981471,experiment/patterns/gcard/lsqb_glogs_with_pred_10/glogs/p7_10.json,experiment/patterns/sql/lsqb_glogs_with_pred_10/glogs/p7_10.sql,"[{""id"": 4, ""op"": ""ge"", ""predicate_id"": 1, ""property"": ""creationdate"", ""target"": ""vertex"", ""value"": {""Int64"": 1262304000000}}, {""id"": 4, ""op"": ""eq"", ""predicate_id"": 2, ""property"": ""explicitlydeleted"", ""target"": ""vertex"", ""value"": {""Boolean"": false}}, {""id"": 1, ""op"": ""ge"", ""predicate_id"": 3, ""property"": ""creationdate"", ""target"": ""edge"", ""value"": {""Int64"": 1262304000000}}, {""id"": 1, ""op"": ""eq"", ""predicate_id"": 4, ""property"": ""gender"", ""target"": ""vertex"", ""value"": {""String"": ""male""}}]"
glogs,p8,p8_01,3,22699,experiment/patterns/gcard/lsqb_glogs_with_pred_10/glogs/p8_01.json,experiment/patterns/sql/lsqb_glogs_with_pred_10/glogs/p8_01.sql,"[{""id"": 1, ""op"": ""ge"", ""predicate_id"": 1, ""property"": ""birthday"", ""target"": ""vertex"", ""value"": {""Int64"": 520905600000}}, {""id"": 3, ""op"": ""eq"", ""predicate_id"": 2, ""property"": ""explicitlydeleted"", ""target"": ""vertex"", ""value"": {""Boolean"": false}}, {""id"": 1, ""op"": ""ge"", ""predicate_id"": 3, ""property"": ""creationdate"", ""target"": ""edge"", ""value"": {""Int64"": 1262304000000}}]"
glogs,p8,p8_02,2,31377,experiment/patterns/gcard/lsqb_glogs_with_pred_10/glogs/p8_02.json,experiment/patterns/sql/lsqb_glogs_with_pred_10/glogs/p8_02.sql,"[{""id"": 2, ""op"": ""eq"", ""predicate_id"": 1, ""property"": ""gender"", ""target"": ""vertex"", ""value"": {""String"": ""male""}}, {""id"": 1, ""op"": ""ge"", ""predicate_id"": 2, ""property"": ""creationdate"", ""target"": ""edge"", ""value"": {""Int64"": 1262304000000}}]"
glogs,p8,p8_03,4,31377,experiment/patterns/gcard/lsqb_glogs_with_pred_10/glogs/p8_03.json,experiment/patterns/sql/lsqb_glogs_with_pred_10/glogs/p8_03.sql,"[{""id"": 2, ""op"": ""ge"", ""predicate_id"": 1, ""property"": ""birthday"", ""target"": ""vertex"", ""value"": {""Int64"": 315532800000}}, {""id"": 3, ""op"": ""eq"", ""predicate_id"": 2, ""property"": ""explicitlydeleted"", ""target"": ""vertex"", ""value"": {""Boolean"": false}}, {""id"": 1, ""op"": ""ge"", ""predicate_id"": 3, ""property"": ""creationdate"", ""target"": ""edge"", ""value"": {""Int64"": 1262304000000}}, {""id"": 2, ""op"": ""eq"", ""predicate_id"": 4, ""property"": ""gender"", ""target"": ""vertex"", ""value"": {""String"": ""male""}}]"
glogs,p8,p8_04,3,17230,experiment/patterns/gcard/lsqb_glogs_with_pred_10/glogs/p8_04.json,experiment/patterns/sql/lsqb_glogs_with_pred_10/glogs/p8_04.sql,"[{""id"": 3, ""op"": ""eq"", ""predicate_id"": 1, ""property"": ""browserused"", ""target"": ""vertex"", ""value"": {""String"": ""Chrome""}}, {""id"": 1, ""op"": ""ge"", ""predicate_id"": 2, ""property"": ""creationdate"", ""target"": ""edge"", ""value"": {""Int64"": 1262304000000}}, {""id"": 3, ""op"": ""eq"", ""predicate_id"": 3, ""property"": ""explicitlydeleted"", ""target"": ""vertex"", ""value"": {""Boolean"": false}}]"
glogs,p8,p8_05,2,44199,experiment/patterns/gcard/lsqb_glogs_with_pred_10/glogs/p8_05.json,experiment/patterns/sql/lsqb_glogs_with_pred_10/glogs/p8_05.sql,"[{""id"": 2, ""op"": ""ge"", ""predicate_id"": 1, ""property"": ""creationdate"", ""target"": ""vertex"", ""value"": {""Int64"": 1285917807738}}, {""id"": 3, ""op"": ""eq"", ""predicate_id"": 2, ""property"": ""explicitlydeleted"", ""target"": ""vertex"", ""value"": {""Boolean"": false}}]"
glogs,p8,p8_06,4,16138,experiment/patterns/gcard/lsqb_glogs_with_pred_10/glogs/p8_06.json,experiment/patterns/sql/lsqb_glogs_with_pred_10/glogs/p8_06.sql,"[{""id"": 3, ""op"": ""eq"", ""predicate_id"": 1, ""property"": ""browserused"", ""target"": ""vertex"", ""value"": {""String"": ""Chrome""}}, {""id"": 1, ""op"": ""ge"", ""predicate_id"": 2, ""property"": ""creationdate"", ""target"": ""edge"", ""value"": {""Int64"": 1262304000000}}, {""id"": 3, ""op"": ""eq"", ""predicate_id"": 3, ""property"": ""explicitlydeleted"", ""target"": ""vertex"", ""value"": {""Boolean"": false}}, {""id"": 1, ""op"": ""ge"", ""predicate_id"": 4, ""property"": ""deletiondate"", ""target"": ""edge"", ""value"": {""Int64"": 1356998400000}}]"
glogs,p8,p8_07,4,15991,experiment/patterns/gcard/lsqb_glogs_with_pred_10/glogs/p8_07.json,experiment/patterns/sql/lsqb_glogs_with_pred_10/glogs/p8_07.sql,"[{""id"": 4, ""op"": ""eq"", ""predicate_id"": 1, ""property"": ""browserused"", ""target"": ""vertex"", ""value"": {""String"": ""Chrome""}}, {""id"": 1, ""op"": ""ge"", ""predicate_id"": 2, ""property"": ""creationdate"", ""target"": ""edge"", ""value"": {""Int64"": 1262304000000}}, {""id"": 3, ""op"": ""eq"", ""predicate_id"": 3, ""property"": ""explicitlydeleted"", ""target"": ""vertex"", ""value"": {""Boolean"": false}}, {""id"": 1, ""op"": ""ge"", ""predicate_id"": 4, ""property"": ""deletiondate"", ""target"": ""edge"", ""value"": {""Int64"": 1356998400000}}]"
glogs,p8,p8_08,3,62418,experiment/patterns/gcard/lsqb_glogs_with_pred_10/glogs/p8_08.json,experiment/patterns/sql/lsqb_glogs_with_pred_10/glogs/p8_08.sql,"[{""id"": 4, ""op"": ""ge"", ""predicate_id"": 1, ""property"": ""length"", ""target"": ""vertex"", ""value"": {""Int64"": 2}}, {""id"": 3, ""op"": ""eq"", ""predicate_id"": 2, ""property"": ""explicitlydeleted"", ""target"": ""vertex"", ""value"": {""Boolean"": false}}, {""id"": 1, ""op"": ""ge"", ""predicate_id"": 3, ""property"": ""creationdate"", ""target"": ""edge"", ""value"": {""Int64"": 1262304000000}}]"
glogs,p8,p8_09,2,17062,experiment/patterns/gcard/lsqb_glogs_with_pred_10/glogs/p8_09.json,experiment/patterns/sql/lsqb_glogs_with_pred_10/glogs/p8_09.sql,"[{""id"": 4, ""op"": ""eq"", ""predicate_id"": 1, ""property"": ""browserused"", ""target"": ""vertex"", ""value"": {""String"": ""Chrome""}}, {""id"": 1, ""op"": ""ge"", ""predicate_id"": 2, ""property"": ""creationdate"", ""target"": ""edge"", ""value"": {""Int64"": 1262304000000}}]"
glogs,p8,p8_10,4,39,experiment/patterns/gcard/lsqb_glogs_with_pred_10/glogs/p8_10.json,experiment/patterns/sql/lsqb_glogs_with_pred_10/glogs/p8_10.sql,"[{""id"": 4, ""op"": ""ge"", ""predicate_id"": 1, ""property"": ""creationdate"", ""target"": ""vertex"", ""value"": {""Int64"": 1262304000000}}, {""id"": 4, ""op"": ""eq"", ""predicate_id"": 2, ""property"": ""explicitlydeleted"", ""target"": ""vertex"", ""value"": {""Boolean"": false}}, {""id"": 1, ""op"": ""ge"", ""predicate_id"": 3, ""property"": ""creationdate"", ""target"": ""edge"", ""value"": {""Int64"": 1262304000000}}, {""id"": 5, ""op"": ""eq"", ""predicate_id"": 4, ""property"": ""name"", ""target"": ""vertex"", ""value"": {""String"": ""Rumi""}}]"
lsqb,q1,q1_01,3,196097186,experiment/patterns/gcard/lsqb_glogs_with_pred_10/lsqb/q1_01.json,experiment/patterns/sql/lsqb_glogs_with_pred_10/lsqb/q1_01.sql,"[{""id"": 1, ""op"": ""le"", ""predicate_id"": 1, ""property"": ""creationdate"", ""target"": ""vertex"", ""value"": {""Int64"": 1325376000000}}, {""id"": 1, ""op"": ""eq"", ""predicate_id"": 2, ""property"": ""explicitlydeleted"", ""target"": ""vertex"", ""value"": {""Boolean"": false}}, {""id"": 2, ""op"": ""ge"", ""predicate_id"": 3, ""property"": ""creationdate"", ""target"": ""edge"", ""value"": {""Int64"": 1262304000000}}]"
lsqb,q1,q1_02,3,216658600,experiment/patterns/gcard/lsqb_glogs_with_pred_10/lsqb/q1_02.json,experiment/patterns/sql/lsqb_glogs_with_pred_10/lsqb/q1_02.sql,"[{""id"": 2, ""op"": ""le"", ""predicate_id"": 1, ""property"": ""birthday"", ""target"": ""vertex"", ""value"": {""Int64"": 631152000000}}, {""id"": 5, ""op"": ""eq"", ""predicate_id"": 2, ""property"": ""explicitlydeleted"", ""target"": ""vertex"", ""value"": {""Boolean"": false}}, {""id"": 2, ""op"": ""ge"", ""predicate_id"": 3, ""property"": ""creationdate"", ""target"": ""edge"", ""value"": {""Int64"": 1262304000000}}]"
lsqb,q1,q1_03,3,216658600,experiment/patterns/gcard/lsqb_glogs_with_pred_10/lsqb/q1_03.json,experiment/patterns/sql/lsqb_glogs_with_pred_10/lsqb/q1_03.sql,"[{""id"": 5, ""op"": ""ge"", ""predicate_id"": 1, ""property"": ""length"", ""target"": ""vertex"", ""value"": {""Int64"": 50}}, {""id"": 5, ""op"": ""eq"", ""predicate_id"": 2, ""property"": ""explicitlydeleted"", ""target"": ""vertex"", ""value"": {""Boolean"": false}}, {""id"": 2, ""op"": ""ge"", ""predicate_id"": 3, ""property"": ""creationdate"", ""target"": ""edge"", ""value"": {""Int64"": 1262304000000}}]"
lsqb,q1,q1_04,2,48776501,experiment/patterns/gcard/lsqb_glogs_with_pred_10/lsqb/q1_04.json,experiment/patterns/sql/lsqb_glogs_with_pred_10/lsqb/q1_04.sql,"[{""id"": 5, ""op"": ""eq"", ""predicate_id"": 1, ""property"": ""browserused"", ""target"": ""vertex"", ""value"": {""String"": ""Chrome""}}, {""id"": 2, ""op"": ""ge"", ""predicate_id"": 2, ""property"": ""creationdate"", ""target"": ""edge"", ""value"": {""Int64"": 1262304000000}}]"
lsqb,q1,q1_05,4,55156033,experiment/patterns/gcard/lsqb_glogs_with_pred_10/lsqb/q1_05.json,experiment/patterns/sql/lsqb_glogs_with_pred_10/lsqb/q1_05.sql,"[{""id"": 5, ""op"": ""ge"", ""predicate_id"": 1, ""property"": ""creationdate"", ""target"": ""vertex"", ""value"": {""Int64"": 1285917807738}}, {""id"": 5, ""op"": ""eq"", ""predicate_id"": 2, ""property"": ""explicitlydeleted"", ""target"": ""vertex"", ""value"": {""Boolean"": false}}, {""id"": 2, ""op"": ""ge"", ""predicate_id"": 3, ""property"": ""creationdate"", ""target"": ""edge"", ""value"": {""Int64"": 1262304000000}}, {""id"": 6, ""op"": ""eq"", ""predicate_id"": 4, ""property"": ""browserused"", ""target"": ""vertex"", ""value"": {""String"": ""Chrome""}}]"
lsqb,q1,q1_06,3,60616561,experiment/patterns/gcard/lsqb_glogs_with_pred_10/lsqb/q1_06.json,experiment/patterns/sql/lsqb_glogs_with_pred_10/lsqb/q1_06.sql,"[{""id"": 6, ""op"": ""eq"", ""predicate_id"": 1, ""property"": ""browserused"", ""target"": ""vertex"", ""value"": {""String"": ""Chrome""}}, {""id"": 2, ""op"": ""ge"", ""predicate_id"": 2, ""property"": ""creationdate"", ""target"": ""edge"", ""value"": {""Int64"": 1262304000000}}, {""id"": 5, ""op"": ""eq"", ""predicate_id"": 3, ""property"": ""explicitlydeleted"", ""target"": ""vertex"", ""value"": {""Boolean"": false}}]"
lsqb,q1,q1_07,3,385893,experiment/patterns/gcard/lsqb_glogs_with_pred_10/lsqb/q1_07.json,experiment/patterns/sql/lsqb_glogs_with_pred_10/lsqb/q1_07.sql,"[{""id"": 7, ""op"": ""eq"", ""predicate_id"": 1, ""property"": ""name"", ""target"": ""vertex"", ""value"": {""String"": ""Rumi""}}, {""id"": 2, ""op"": ""ge"", ""predicate_id"": 2, ""property"": ""creationdate"", ""target"": ""edge"", ""value"": {""Int64"": 1262304000000}}, {""id"": 6, ""op"": ""eq"", ""predicate_id"": 3, ""property"": ""explicitlydeleted"", ""target"": ""vertex"", ""value"": {""Boolean"": false}}]"
lsqb,q1,q1_08,2,38667565,experiment/patterns/gcard/lsqb_glogs_with_pred_10/lsqb/q1_08.json,experiment/patterns/sql/lsqb_glogs_with_pred_10/lsqb/q1_08.sql,"[{""id"": 6, ""op"": ""le"", ""predicate_id"": 1, ""property"": ""creationdate"", ""target"": ""vertex"", ""value"": {""Int64"": 1325376000000}}, {""id"": 6, ""op"": ""eq"", ""predicate_id"": 2, ""property"": ""explicitlydeleted"", ""target"": ""vertex"", ""value"": {""Boolean"": false}}]"
lsqb,q1,q1_09,2,216623776,experiment/patterns/gcard/lsqb_glogs_with_pred_10/lsqb/q1_09.json,experiment/patterns/sql/lsqb_glogs_with_pred_10/lsqb/q1_09.sql,"[{""id"": 1, ""op"": ""ge"", ""predicate_id"": 1, ""property"": ""creationdate"", ""target"": ""vertex"", ""value"": {""Int64"": 1262304000000}}, {""id"": 1, ""op"": ""eq"", ""predicate_id"": 2, ""property"": ""explicitlydeleted"", ""target"": ""vertex"", ""value"": {""Boolean"": false}}]"
lsqb,q1,q1_10,4,103794454,experiment/patterns/gcard/lsqb_glogs_with_pred_10/lsqb/q1_10.json,experiment/patterns/sql/lsqb_glogs_with_pred_10/lsqb/q1_10.sql,"[{""id"": 2, ""op"": ""eq"", ""predicate_id"": 1, ""property"": ""gender"", ""target"": ""vertex"", ""value"": {""String"": ""male""}}, {""id"": 3, ""op"": ""ge"", ""predicate_id"": 2, ""property"": ""creationdate"", ""target"": ""edge"", ""value"": {""Int64"": 1285917807738}}, {""id"": 1, ""op"": ""eq"", ""predicate_id"": 3, ""property"": ""explicitlydeleted"", ""target"": ""vertex"", ""value"": {""Boolean"": false}}, {""id"": 3, ""op"": ""ge"", ""predicate_id"": 4, ""property"": ""deletiondate"", ""target"": ""edge"", ""value"": {""Int64"": 1356998400000}}]"
lsqb,q2,q2_01,3,357997,experiment/patterns/gcard/lsqb_glogs_with_pred_10/lsqb/q2_01.json,experiment/patterns/sql/lsqb_glogs_with_pred_10/lsqb/q2_01.sql,"[{""id"": 1, ""op"": ""ge"", ""predicate_id"": 1, ""property"": ""birthday"", ""target"": ""vertex"", ""value"": {""Int64"": 520905600000}}, {""id"": 3, ""op"": ""eq"", ""predicate_id"": 2, ""property"": ""explicitlydeleted"", ""target"": ""vertex"", ""value"": {""Boolean"": false}}, {""id"": 1, ""op"": ""ge"", ""predicate_id"": 3, ""property"": ""creationdate"", ""target"": ""edge"", ""value"": {""Int64"": 1262304000000}}]"
lsqb,q2,q2_02,2,499698,experiment/patterns/gcard/lsqb_glogs_with_pred_10/lsqb/q2_02.json,experiment/patterns/sql/lsqb_glogs_with_pred_10/lsqb/q2_02.sql,"[{""id"": 2, ""op"": ""eq"", ""predicate_id"": 1, ""property"": ""gender"", ""target"": ""vertex"", ""value"": {""String"": ""male""}}, {""id"": 1, ""op"": ""ge"", ""predicate_id"": 2, ""property"": ""creationdate"", ""target"": ""edge"", ""value"": {""Int64"": 1262304000000}}]"
lsqb,q2,q2_03,4,499654,experiment/patterns/gcard/lsqb_glogs_with_pred_10/lsqb/q2_03.json,experiment/patterns/sql/lsqb_glogs_with_pred_10/lsqb/q2_03.sql,"[{""id"": 2, ""op"": ""ge"", ""predicate_id"": 1, ""property"": ""birthday"", ""target"": ""vertex"", ""value"": {""Int64"": 315532800000}}, {""id"": 3, ""op"": ""eq"", ""predicate_id"": 2, ""property"": ""explicitlydeleted"", ""target"": ""vertex"", ""value"": {""Boolean"": false}}, {""id"": 1, ""op"": ""ge"", ""predicate_id"": 3, ""property"": ""creationdate"", ""target"": ""edge"", ""value"": {""Int64"": 1262304000000}}, {""id"": 2, ""op"": ""eq"", ""predicate_id"": 4, ""property"": ""gender"", ""target"": ""vertex"", ""value"": {""String"": ""male""}}]"
lsqb,q2,q2_04,3,272995,experiment/patterns/gcard/lsqb_glogs_with_pred_10/lsqb/q2_04.json,experiment/patterns/sql/lsqb_glogs_with_pred_10/lsqb/q2_04.sql,"[{""id"": 3, ""op"": ""eq"", ""predicate_id"": 1, ""property"": ""browserused"", ""target"": ""vertex"", ""value"": {""String"": ""Chrome""}}, {""id"": 1, ""op"": ""ge"", ""predicate_id"": 2, ""property"": ""creationdate"", ""target"": ""edge"", ""value"": {""Int64"": 1262304000000}}, {""id"": 3, ""op"": ""eq"", ""predicate_id"": 3, ""property"": ""explicitlydeleted"", ""target"": ""vertex"", ""value"": {""Boolean"": false}}]"
lsqb,q2,q2_05,2,548350,experiment/patterns/gcard/lsqb_glogs_with_pred_10/lsqb/q2_05.json,experiment/patterns/sql/lsqb_glogs_with_pred_10/lsqb/q2_05.sql,"[{""id"": 2, ""op"": ""ge"", ""predicate_id"": 1, ""property"": ""creationdate"", ""target"": ""vertex"", ""value"": {""Int64"": 1285917807738}}, {""id"": 3, ""op"": ""eq"", ""predicate_id"": 2, ""property"": ""explicitlydeleted"", ""target"": ""vertex"", ""value"": {""Boolean"": false}}]"
lsqb,q2,q2_06,4,265445,experiment/patterns/gcard/lsqb_glogs_with_pred_10/lsqb/q2_06.json,experiment/patterns/sql/lsqb_glogs_with_pred_10/lsqb/q2_06.sql,"[{""id"": 3, ""op"": ""eq"", ""predicate_id"": 1, ""property"": ""browserused"", ""target"": ""vertex"", ""value"": {""String"": ""Chrome""}}, {""id"": 1, ""op"": ""ge"", ""predicate_id"": 2, ""property"": ""creationdate"", ""target"": ""edge"", ""value"": {""Int64"": 1262304000000}}, {""id"": 3, ""op"": ""eq"", ""predicate_id"": 3, ""property"": ""explicitlydeleted"", ""target"": ""vertex"", ""value"": {""Boolean"": false}}, {""id"": 1, ""op"": ""ge"", ""predicate_id"": 4, ""property"": ""deletiondate"", ""target"": ""edge"", ""value"": {""Int64"": 1356998400000}}]"
lsqb,q2,q2_07,4,2393,experiment/patterns/gcard/lsqb_glogs_with_pred_10/lsqb/q2_07.json,experiment/patterns/sql/lsqb_glogs_with_pred_10/lsqb/q2_07.sql,"[{""id"": 3, ""op"": ""eq"", ""predicate_id"": 1, ""property"": ""language"", ""target"": ""vertex"", ""value"": {""String"": ""fa""}}, {""id"": 1, ""op"": ""ge"", ""predicate_id"": 2, ""property"": ""creationdate"", ""target"": ""edge"", ""value"": {""Int64"": 1262304000000}}, {""id"": 3, ""op"": ""eq"", ""predicate_id"": 3, ""property"": ""explicitlydeleted"", ""target"": ""vertex"", ""value"": {""Boolean"": false}}, {""id"": 1, ""op"": ""ge"", ""predicate_id"": 4, ""property"": ""deletiondate"", ""target"": ""edge"", ""value"": {""Int64"": 1356998400000}}]"
lsqb,q2,q2_08,3,91358,experiment/patterns/gcard/lsqb_glogs_with_pred_10/lsqb/q2_08.json,experiment/patterns/sql/lsqb_glogs_with_pred_10/lsqb/q2_08.sql,"[{""id"": 3, ""op"": ""le"", ""predicate_id"": 1, ""property"": ""creationdate"", ""target"": ""vertex"", ""value"": {""Int64"": 1285917807738}}, {""id"": 3, ""op"": ""eq"", ""predicate_id"": 2, ""property"": ""explicitlydeleted"", ""target"": ""vertex"", ""value"": {""Boolean"": false}}, {""id"": 1, ""op"": ""ge"", ""predicate_id"": 3, ""property"": ""creationdate"", ""target"": ""edge"", ""value"": {""Int64"": 1262304000000}}]"
lsqb,q2,q2_09,2,281830,experiment/patterns/gcard/lsqb_glogs_with_pred_10/lsqb/q2_09.json,experiment/patterns/sql/lsqb_glogs_with_pred_10/lsqb/q2_09.sql,"[{""id"": 4, ""op"": ""eq"", ""predicate_id"": 1, ""property"": ""browserused"", ""target"": ""vertex"", ""value"": {""String"": ""Chrome""}}, {""id"": 1, ""op"": ""ge"", ""predicate_id"": 2, ""property"": ""creationdate"", ""target"": ""edge"", ""value"": {""Int64"": 1262304000000}}]"
lsqb,q2,q2_10,4,276635,experiment/patterns/gcard/lsqb_glogs_with_pred_10/lsqb/q2_10.json,experiment/patterns/sql/lsqb_glogs_with_pred_10/lsqb/q2_10.sql,"[{""id"": 4, ""op"": ""ge"", ""predicate_id"": 1, ""property"": ""creationdate"", ""target"": ""vertex"", ""value"": {""Int64"": 1262304000000}}, {""id"": 4, ""op"": ""eq"", ""predicate_id"": 2, ""property"": ""explicitlydeleted"", ""target"": ""vertex"", ""value"": {""Boolean"": false}}, {""id"": 1, ""op"": ""ge"", ""predicate_id"": 3, ""property"": ""creationdate"", ""target"": ""edge"", ""value"": {""Int64"": 1262304000000}}, {""id"": 4, ""op"": ""eq"", ""predicate_id"": 4, ""property"": ""browserused"", ""target"": ""vertex"", ""value"": {""String"": ""Chrome""}}]"
lsqb,q3,q3_01,3,124369,experiment/patterns/gcard/lsqb_glogs_with_pred_10/lsqb/q3_01.json,experiment/patterns/sql/lsqb_glogs_with_pred_10/lsqb/q3_01.sql,"[{""id"": 1, ""op"": ""ge"", ""predicate_id"": 1, ""property"": ""birthday"", ""target"": ""vertex"", ""value"": {""Int64"": 520905600000}}, {""id"": 1, ""op"": ""ge"", ""predicate_id"": 2, ""property"": ""creationdate"", ""target"": ""edge"", ""value"": {""Int64"": 1262304000000}}, {""id"": 2, ""op"": ""eq"", ""predicate_id"": 3, ""property"": ""gender"", ""target"": ""vertex"", ""value"": {""String"": ""male""}}]"
lsqb,q3,q3_02,2,351166,experiment/patterns/gcard/lsqb_glogs_with_pred_10/lsqb/q3_02.json,experiment/patterns/sql/lsqb_glogs_with_pred_10/lsqb/q3_02.sql,"[{""id"": 2, ""op"": ""eq"", ""predicate_id"": 1, ""property"": ""gender"", ""target"": ""vertex"", ""value"": {""String"": ""male""}}, {""id"": 1, ""op"": ""ge"", ""predicate_id"": 2, ""property"": ""creationdate"", ""target"": ""edge"", ""value"": {""Int64"": 1262304000000}}]"
lsqb,q3,q3_03,4,351166,experiment/patterns/gcard/lsqb_glogs_with_pred_10/lsqb/q3_03.json,experiment/patterns/sql/lsqb_glogs_with_pred_10/lsqb/q3_03.sql,"[{""id"": 2, ""op"": ""ge"", ""predicate_id"": 1, ""property"": ""birthday"", ""target"": ""vertex"", ""value"": {""Int64"": 315532800000}}, {""id"": 1, ""op"": ""ge"", ""predicate_id"": 2, ""property"": ""creationdate"", ""target"": ""edge"", ""value"": {""Int64"": 1262304000000}}, {""id"": 2, ""op"": ""eq"", ""predicate_id"": 3, ""property"": ""gender"", ""target"": ""vertex"", ""value"": {""String"": ""male""}}, {""id"": 2, ""op"": ""ge"", ""predicate_id"": 4, ""property"": ""creationdate"", ""target"": ""vertex"", ""value"": {""Int64"": 1262304000000}}]"
lsqb,q3,q3_04,3,324360,experiment/patterns/gcard/lsqb_glogs_with_pred_10/lsqb/q3_04.json,experiment/patterns/sql/lsqb_glogs_with_pred_10/lsqb/q3_04.sql,"[{""id"": 3, ""op"": ""eq"", ""predicate_id"": 1, ""property"": ""gender"", ""target"": ""vertex"", ""value"": {""String"": ""male""}}, {""id"": 1, ""op"": ""ge"", ""predicate_id"": 2, ""property"": ""creationdate"", ""target"": ""edge"", ""value"": {""Int64"": 1262304000000}}, {""id"": 1, ""op"": ""ge"", ""predicate_id"": 3, ""property"": ""deletiondate"", ""target"": ""edge"", ""value"": {""Int64"": 1356998400000}}]"
lsqb,q3,q3_05,2,530732,experiment/patterns/gcard/lsqb_glogs_with_pred_10/lsqb/q3_05.json,experiment/patterns/sql/lsqb_glogs_with_pred_10/lsqb/q3_05.sql,"[{""id"": 2, ""op"": ""ge"", ""predicate_id"": 1, ""property"": ""creationdate"", ""target"": ""vertex"", ""value"": {""Int64"": 1285917807738}}, {""id"": 1, ""op"": ""ge"", ""predicate_id"": 2, ""property"": ""creationdate"", ""target"": ""edge"", ""value"": {""Int64"": 1262304000000}}]"
lsqb,q3,q3_06,4,91394,experiment/patterns/gcard/lsqb_glogs_with_pred_10/lsqb/q3_06.json,experiment/patterns/sql/lsqb_glogs_with_pred_10/lsqb/q3_06.sql,"[{""id"": 3, ""op"": ""eq"", ""predicate_id"": 1, ""property"": ""gender"", ""target"": ""vertex"", ""value"": {""String"": ""male""}}, {""id"": 1, ""op"": ""ge"", ""predicate_id"": 2, ""property"": ""creationdate"", ""target"": ""edge"", ""value"": {""Int64"": 1262304000000}}, {""id"": 1, ""op"": ""ge"", ""predicate_id"": 3, ""property"": ""deletiondate"", ""target"": ""edge"", ""value"": {""Int64"": 1356998400000}}, {""id"": 3, ""op"": ""eq"", ""predicate_id"": 4, ""property"": ""browserused"", ""target"": ""vertex"", ""value"": {""String"": ""Chrome""}}]"
lsqb,q3,q3_07,2,706992,experiment/patterns/gcard/lsqb_glogs_with_pred_10/lsqb/q3_07.json,experiment/patterns/sql/lsqb_glogs_with_pred_10/lsqb/q3_07.sql,"[{""id"": 1, ""op"": ""ge"", ""predicate_id"": 1, ""property"": ""birthday"", ""target"": ""vertex"", ""value"": {""Int64"": 315532800000}}, {""id"": 1, ""op"": ""ge"", ""predicate_id"": 2, ""property"": ""creationdate"", ""target"": ""edge"", ""value"": {""Int64"": 1262304000000}}]"
lsqb,q3,q3_08,4,76663,experiment/patterns/gcard/lsqb_glogs_with_pred_10/lsqb/q3_08.json,experiment/patterns/sql/lsqb_glogs_with_pred_10/lsqb/q3_08.sql,"[{""id"": 1, ""op"": ""eq"", ""predicate_id"": 1, ""property"": ""gender"", ""target"": ""vertex"", ""value"": {""String"": ""male""}}, {""id"": 1, ""op"": ""ge"", ""predicate_id"": 2, ""property"": ""creationdate"", ""target"": ""edge"", ""value"": {""Int64"": 1325376000000}}, {""id"": 1, ""op"": ""ge"", ""predicate_id"": 3, ""property"": ""deletiondate"", ""target"": ""edge"", ""value"": {""Int64"": 1356998400000}}, {""id"": 1, ""op"": ""eq"", ""predicate_id"": 4, ""property"": ""browserused"", ""target"": ""vertex"", ""value"": {""String"": ""Chrome""}}]"
lsqb,q3,q3_09,3,27177,experiment/patterns/gcard/lsqb_glogs_with_pred_10/lsqb/q3_09.json,experiment/patterns/sql/lsqb_glogs_with_pred_10/lsqb/q3_09.sql,"[{""id"": 1, ""op"": ""ge"", ""predicate_id"": 1, ""property"": ""birthday"", ""target"": ""vertex"", ""value"": {""Int64"": 315532800000}}, {""id"": 1, ""op"": ""le"", ""predicate_id"": 2, ""property"": ""deletiondate"", ""target"": ""edge"", ""value"": {""Int64"": 1356998400000}}, {""id"": 1, ""op"": ""eq"", ""predicate_id"": 3, ""property"": ""gender"", ""target"": ""vertex"", ""value"": {""String"": ""male""}}]"
lsqb,q3,q3_10,3,351166,experiment/patterns/gcard/lsqb_glogs_with_pred_10/lsqb/q3_10.json,experiment/patterns/sql/lsqb_glogs_with_pred_10/lsqb/q3_10.sql,"[{""id"": 1, ""op"": ""ge"", ""predicate_id"": 1, ""property"": ""birthday"", ""target"": ""vertex"", ""value"": {""Int64"": 315532800000}}, {""id"": 2, ""op"": ""le"", ""predicate_id"": 2, ""property"": ""deletiondate"", ""target"": ""edge"", ""value"": {""Int64"": 1577664000000}}, {""id"": 1, ""op"": ""eq"", ""predicate_id"": 3, ""property"": ""gender"", ""target"": ""vertex"", ""value"": {""String"": ""male""}}]"
lsqb,q4,q4_01,4,13031,experiment/patterns/gcard/lsqb_glogs_with_pred_10/lsqb/q4_01.json,experiment/patterns/sql/lsqb_glogs_with_pred_10/lsqb/q4_01.sql,"[{""id"": 1, ""op"": ""eq"", ""predicate_id"": 1, ""property"": ""language"", ""target"": ""vertex"", ""value"": {""String"": ""fa""}}, {""id"": 1, ""op"": ""ge"", ""predicate_id"": 2, ""property"": ""creationdate"", ""target"": ""edge"", ""value"": {""Int64"": 1262304000000}}, {""id"": 1, ""op"": ""eq"", ""predicate_id"": 3, ""property"": ""explicitlydeleted"", ""target"": ""vertex"", ""value"": {""Boolean"": false}}, {""id"": 1, ""op"": ""ge"", ""predicate_id"": 4, ""property"": ""deletiondate"", ""target"": ""edge"", ""value"": {""Int64"": 1356998400000}}]"
lsqb,q4,q4_02,3,166163,experiment/patterns/gcard/lsqb_glogs_with_pred_10/lsqb/q4_02.json,experiment/patterns/sql/lsqb_glogs_with_pred_10/lsqb/q4_02.sql,"[{""id"": 1, ""op"": ""le"", ""predicate_id"": 1, ""property"": ""creationdate"", ""target"": ""vertex"", ""value"": {""Int64"": 1285917807738}}, {""id"": 1, ""op"": ""eq"", ""predicate_id"": 2, ""property"": ""explicitlydeleted"", ""target"": ""vertex"", ""value"": {""Boolean"": false}}, {""id"": 1, ""op"": ""ge"", ""predicate_id"": 3, ""property"": ""creationdate"", ""target"": ""edge"", ""value"": {""Int64"": 1262304000000}}]"
lsqb,q4,q4_03,2,2948699,experiment/patterns/gcard/lsqb_glogs_with_pred_10/lsqb/q4_03.json,experiment/patterns/sql/lsqb_glogs_with_pred_10/lsqb/q4_03.sql,"[{""id"": 3, ""op"": ""eq"", ""predicate_id"": 1, ""property"": ""gender"", ""target"": ""vertex"", ""value"": {""String"": ""male""}}, {""id"": 1, ""op"": ""ge"", ""predicate_id"": 2, ""property"": ""creationdate"", ""target"": ""edge"", ""value"": {""Int64"": 1262304000000}}]"
lsqb,q4,q4_04,4,555387,experiment/patterns/gcard/lsqb_glogs_with_pred_10/lsqb/q4_04.json,experiment/patterns/sql/lsqb_glogs_with_pred_10/lsqb/q4_04.sql,"[{""id"": 3, ""op"": ""ge"", ""predicate_id"": 1, ""property"": ""birthday"", ""target"": ""vertex"", ""value"": {""Int64"": 520905600000}}, {""id"": 4, ""op"": ""eq"", ""predicate_id"": 2, ""property"": ""explicitlydeleted"", ""target"": ""vertex"", ""value"": {""Boolean"": false}}, {""id"": 1, ""op"": ""ge"", ""predicate_id"": 3, ""property"": ""creationdate"", ""target"": ""edge"", ""value"": {""Int64"": 1262304000000}}, {""id"": 4, ""op"": ""eq"", ""predicate_id"": 4, ""property"": ""browserused"", ""target"": ""vertex"", ""value"": {""String"": ""Chrome""}}]"
lsqb,q4,q4_05,3,1535778,experiment/patterns/gcard/lsqb_glogs_with_pred_10/lsqb/q4_05.json,experiment/patterns/sql/lsqb_glogs_with_pred_10/lsqb/q4_05.sql,"[{""id"": 4, ""op"": ""eq"", ""predicate_id"": 1, ""property"": ""browserused"", ""target"": ""vertex"", ""value"": {""String"": ""Chrome""}}, {""id"": 1, ""op"": ""ge"", ""predicate_id"": 2, ""property"": ""creationdate"", ""target"": ""edge"", ""value"": {""Int64"": 1262304000000}}, {""id"": 4, ""op"": ""eq"", ""predicate_id"": 3, ""property"": ""explicitlydeleted"", ""target"": ""vertex"", ""value"": {""Boolean"": false}}]"
lsqb,q4,q4_06,2,5397746,experiment/patterns/gcard/lsqb_glogs_with_pred_10/lsqb/q4_06.json,experiment/patterns/sql/lsqb_glogs_with_pred_10/lsqb/q4_06.sql,"[{""id"": 4, ""op"": ""ge"", ""predicate_id"": 1, ""property"": ""length"", ""target"": ""vertex"", ""value"": {""Int64"": 2}}, {""id"": 4, ""op"": ""eq"", ""predicate_id"": 2, ""property"": ""explicitlydeleted"", ""target"": ""vertex"", ""value"": {""Boolean"": false}}]"
lsqb,q4,q4_07,4,1526291,experiment/patterns/gcard/lsqb_glogs_with_pred_10/lsqb/q4_07.json,experiment/patterns/sql/lsqb_glogs_with_pred_10/lsqb/q4_07.sql,"[{""id"": 4, ""op"": ""eq"", ""predicate_id"": 1, ""property"": ""browserused"", ""target"": ""vertex"", ""value"": {""String"": ""Chrome""}}, {""id"": 1, ""op"": ""ge"", ""predicate_id"": 2, ""property"": ""creationdate"", ""target"": ""edge"", ""value"": {""Int64"": 1262304000000}}, {""id"": 4, ""op"": ""eq"", ""predicate_id"": 3, ""property"": ""explicitlydeleted"", ""target"": ""vertex"", ""value"": {""Boolean"": false}}, {""id"": 1, ""op"": ""ge"", ""predicate_id"": 4, ""property"": ""deletiondate"", ""target"": ""edge"", ""value"": {""Int64"": 1356998400000}}]"
lsqb,q4,q4_08,3,5390443,experiment/patterns/gcard/lsqb_glogs_with_pred_10/lsqb/q4_08.json,experiment/patterns/sql/lsqb_glogs_with_pred_10/lsqb/q4_08.sql,"[{""id"": 4, ""op"": ""ge"", ""predicate_id"": 1, ""property"": ""creationdate"", ""target"": ""vertex"", ""value"": {""Int64"": 1285917807738}}, {""id"": 4, ""op"": ""eq"", ""predicate_id"": 2, ""property"": ""explicitlydeleted"", ""target"": ""vertex"", ""value"": {""Boolean"": false}}, {""id"": 1, ""op"": ""ge"", ""predicate_id"": 3, ""property"": ""creationdate"", ""target"": ""edge"", ""value"": {""Int64"": 1262304000000}}]"
lsqb,q4,q4_09,2,2706413,experiment/patterns/gcard/lsqb_glogs_with_pred_10/lsqb/q4_09.json,experiment/patterns/sql/lsqb_glogs_with_pred_10/lsqb/q4_09.sql,"[{""id"": 5, ""op"": ""eq"", ""predicate_id"": 1, ""property"": ""gender"", ""target"": ""vertex"", ""value"": {""String"": ""male""}}, {""id"": 1, ""op"": ""ge"", ""predicate_id"": 2, ""property"": ""creationdate"", ""target"": ""edge"", ""value"": {""Int64"": 1262304000000}}]"
lsqb,q4,q4_10,4,794744,experiment/patterns/gcard/lsqb_glogs_with_pred_10/lsqb/q4_10.json,experiment/patterns/sql/lsqb_glogs_with_pred_10/lsqb/q4_10.sql,"[{""id"": 5, ""op"": ""ge"", ""predicate_id"": 1, ""property"": ""birthday"", ""target"": ""vertex"", ""value"": {""Int64"": 447811200000}}, {""id"": 1, ""op"": ""eq"", ""predicate_id"": 2, ""property"": ""explicitlydeleted"", ""target"": ""vertex"", ""value"": {""Boolean"": false}}, {""id"": 1, ""op"": ""ge"", ""predicate_id"": 3, ""property"": ""creationdate"", ""target"": ""edge"", ""value"": {""Int64"": 1262304000000}}, {""id"": 1, ""op"": ""eq"", ""predicate_id"": 4, ""property"": ""browserused"", ""target"": ""vertex"", ""value"": {""String"": ""Chrome""}}]"
lsqb,q5,q5_01,3,716346,experiment/patterns/gcard/lsqb_glogs_with_pred_10/lsqb/q5_01.json,experiment/patterns/sql/lsqb_glogs_with_pred_10/lsqb/q5_01.sql,"[{""id"": 2, ""op"": ""ge"", ""predicate_id"": 1, ""property"": ""length"", ""target"": ""vertex"", ""value"": {""Int64"": 120}}, {""id"": 2, ""op"": ""eq"", ""predicate_id"": 2, ""property"": ""explicitlydeleted"", ""target"": ""vertex"", ""value"": {""Boolean"": false}}, {""id"": 1, ""op"": ""ge"", ""predicate_id"": 3, ""property"": ""creationdate"", ""target"": ""edge"", ""value"": {""Int64"": 1262304000000}}]"
lsqb,q5,q5_02,2,2521352,experiment/patterns/gcard/lsqb_glogs_with_pred_10/lsqb/q5_02.json,experiment/patterns/sql/lsqb_glogs_with_pred_10/lsqb/q5_02.sql,"[{""id"": 2, ""op"": ""eq"", ""predicate_id"": 1, ""property"": ""browserused"", ""target"": ""vertex"", ""value"": {""String"": ""Firefox""}}, {""id"": 1, ""op"": ""ge"", ""predicate_id"": 2, ""property"": ""creationdate"", ""target"": ""edge"", ""value"": {""Int64"": 1262304000000}}]"
lsqb,q5,q5_03,4,6368,experiment/patterns/gcard/lsqb_glogs_with_pred_10/lsqb/q5_03.json,experiment/patterns/sql/lsqb_glogs_with_pred_10/lsqb/q5_03.sql,"[{""id"": 2, ""op"": ""le"", ""predicate_id"": 1, ""property"": ""creationdate"", ""target"": ""vertex"", ""value"": {""Int64"": 1285917807738}}, {""id"": 2, ""op"": ""eq"", ""predicate_id"": 2, ""property"": ""explicitlydeleted"", ""target"": ""vertex"", ""value"": {""Boolean"": false}}, {""id"": 1, ""op"": ""ge"", ""predicate_id"": 3, ""property"": ""creationdate"", ""target"": ""edge"", ""value"": {""Int64"": 1262304000000}}, {""id"": 3, ""op"": ""eq"", ""predicate_id"": 4, ""property"": ""browserused"", ""target"": ""vertex"", ""value"": {""String"": ""Chrome""}}]"
lsqb,q5,q5_04,3,1681227,experiment/patterns/gcard/lsqb_glogs_with_pred_10/lsqb/q5_04.json,experiment/patterns/sql/lsqb_glogs_with_pred_10/lsqb/q5_04.sql,"[{""id"": 3, ""op"": ""eq"", ""predicate_id"": 1, ""property"": ""browserused"", ""target"": ""vertex"", ""value"": {""String"": ""Chrome""}}, {""id"": 1, ""op"": ""ge"", ""predicate_id"": 2, ""property"": ""creationdate"", ""target"": ""edge"", ""value"": {""Int64"": 1262304000000}}, {""id"": 3, ""op"": ""eq"", ""predicate_id"": 3, ""property"": ""explicitlydeleted"", ""target"": ""vertex"", ""value"": {""Boolean"": false}}]"
lsqb,q5,q5_05,2,6292584,experiment/patterns/gcard/lsqb_glogs_with_pred_10/lsqb/q5_05.json,experiment/patterns/sql/lsqb_glogs_with_pred_10/lsqb/q5_05.sql,"[{""id"": 3, ""op"": ""ge"", ""predicate_id"": 1, ""property"": ""creationdate"", ""target"": ""vertex"", ""value"": {""Int64"": 1262304000000}}, {""id"": 3, ""op"": ""eq"", ""predicate_id"": 2, ""property"": ""explicitlydeleted"", ""target"": ""vertex"", ""value"": {""Boolean"": false}}]"
lsqb,q5,q5_06,4,5705,experiment/patterns/gcard/lsqb_glogs_with_pred_10/lsqb/q5_06.json,experiment/patterns/sql/lsqb_glogs_with_pred_10/lsqb/q5_06.sql,"[{""id"": 4, ""op"": ""eq"", ""predicate_id"": 1, ""property"": ""name"", ""target"": ""vertex"", ""value"": {""String"": ""Rumi""}}, {""id"": 1, ""op"": ""ge"", ""predicate_id"": 2, ""property"": ""creationdate"", ""target"": ""edge"", ""value"": {""Int64"": 1262304000000}}, {""id"": 3, ""op"": ""eq"", ""predicate_id"": 3, ""property"": ""explicitlydeleted"", ""target"": ""vertex"", ""value"": {""Boolean"": false}}, {""id"": 1, ""op"": ""ge"", ""predicate_id"": 4, ""property"": ""deletiondate"", ""target"": ""edge"", ""value"": {""Int64"": 1356998400000}}]"
lsqb,q5,q5_07,3,6292584,experiment/patterns/gcard/lsqb_glogs_with_pred_10/lsqb/q5_07.json,experiment/patterns/sql/lsqb_glogs_with_pred_10/lsqb/q5_07.sql,"[{""id"": 2, ""op"": ""ge"", ""predicate_id"": 1, ""property"": ""length"", ""target"": ""vertex"", ""value"": {""Int64"": 2}}, {""id"": 3, ""op"": ""eq"", ""predicate_id"": 2, ""property"": ""explicitlydeleted"", ""target"": ""vertex"", ""value"": {""Boolean"": false}}, {""id"": 1, ""op"": ""ge"", ""predicate_id"": 3, ""property"": ""creationdate"", ""target"": ""edge"", ""value"": {""Int64"": 1262304000000}}]"
lsqb,q5,q5_08,2,2026,experiment/patterns/gcard/lsqb_glogs_with_pred_10/lsqb/q5_08.json,experiment/patterns/sql/lsqb_glogs_with_pred_10/lsqb/q5_08.sql,"[{""id"": 1, ""op"": ""eq"", ""predicate_id"": 1, ""property"": ""name"", ""target"": ""vertex"", ""value"": {""String"": ""Rumi""}}, {""id"": 1, ""op"": ""ge"", ""predicate_id"": 2, ""property"": ""creationdate"", ""target"": ""edge"", ""value"": {""Int64"": 1325376000000}}]"
lsqb,q5,q5_09,4,2310,experiment/patterns/gcard/lsqb_glogs_with_pred_10/lsqb/q5_09.json,experiment/patterns/sql/lsqb_glogs_with_pred_10/lsqb/q5_09.sql,"[{""id"": 2, ""op"": ""ge"", ""predicate_id"": 1, ""property"": ""length"", ""target"": ""vertex"", ""value"": {""Int64"": 2}}, {""id"": 2, ""op"": ""eq"", ""predicate_id"": 2, ""property"": ""explicitlydeleted"", ""target"": ""vertex"", ""value"": {""Boolean"": false}}, {""id"": 1, ""op"": ""le"", ""predicate_id"": 3, ""property"": ""deletiondate"", ""target"": ""edge"", ""value"": {""Int64"": 1356998400000}}, {""id"": 1, ""op"": ""eq"", ""predicate_id"": 4, ""property"": ""name"", ""target"": ""vertex"", ""value"": {""String"": ""Rumi""}}]"
lsqb,q5,q5_10,3,7,experiment/patterns/gcard/lsqb_glogs_with_pred_10/lsqb/q5_10.json,experiment/patterns/sql/lsqb_glogs_with_pred_10/lsqb/q5_10.sql,"[{""id"": 1, ""op"": ""eq"", ""predicate_id"": 1, ""property"": ""name"", ""target"": ""vertex"", ""value"": {""String"": ""Rumi""}}, {""id"": 2, ""op"": ""le"", ""predicate_id"": 2, ""property"": ""creationdate"", ""target"": ""edge"", ""value"": {""Int64"": 1285917807738}}, {""id"": 2, ""op"": ""eq"", ""predicate_id"": 3, ""property"": ""explicitlydeleted"", ""target"": ""vertex"", ""value"": {""Boolean"": false}}]"
lsqb,q6,q6_01,3,301688383,experiment/patterns/gcard/lsqb_glogs_with_pred_10/lsqb/q6_01.json,experiment/patterns/sql/lsqb_glogs_with_pred_10/lsqb/q6_01.sql,"[{""id"": 1, ""op"": ""ge"", ""predicate_id"": 1, ""property"": ""birthday"", ""target"": ""vertex"", ""value"": {""Int64"": 520905600000}}, {""id"": 1, ""op"": ""ge"", ""predicate_id"": 2, ""property"": ""creationdate"", ""target"": ""edge"", ""value"": {""Int64"": 1262304000000}}, {""id"": 2, ""op"": ""eq"", ""predicate_id"": 3, ""property"": ""gender"", ""target"": ""vertex"", ""value"": {""String"": ""male""}}]"
lsqb,q6,q6_02,2,865090632,experiment/patterns/gcard/lsqb_glogs_with_pred_10/lsqb/q6_02.json,experiment/patterns/sql/lsqb_glogs_with_pred_10/lsqb/q6_02.sql,"[{""id"": 2, ""op"": ""eq"", ""predicate_id"": 1, ""property"": ""gender"", ""target"": ""vertex"", ""value"": {""String"": ""male""}}, {""id"": 1, ""op"": ""ge"", ""predicate_id"": 2, ""property"": ""creationdate"", ""target"": ""edge"", ""value"": {""Int64"": 1262304000000}}]"
lsqb,q6,q6_03,4,865090632,experiment/patterns/gcard/lsqb_glogs_with_pred_10/lsqb/q6_03.json,experiment/patterns/sql/lsqb_glogs_with_pred_10/lsqb/q6_03.sql,"[{""id"": 2, ""op"": ""ge"", ""predicate_id"": 1, ""property"": ""birthday"", ""target"": ""vertex"", ""value"": {""Int64"": 315532800000}}, {""id"": 1, ""op"": ""ge"", ""predicate_id"": 2, ""property"": ""creationdate"", ""target"": ""edge"", ""value"": {""Int64"": 1262304000000}}, {""id"": 2, ""op"": ""eq"", ""predicate_id"": 3, ""property"": ""gender"", ""target"": ""vertex"", ""value"": {""String"": ""male""}}, {""id"": 2, ""op"": ""ge"", ""predicate_id"": 4, ""property"": ""creationdate"", ""target"": ""vertex"", ""value"": {""Int64"": 1262304000000}}]"
lsqb,q6,q6_04,3,795601778,experiment/patterns/gcard/lsqb_glogs_with_pred_10/lsqb/q6_04.json,experiment/patterns/sql/lsqb_glogs_with_pred_10/lsqb/q6_04.sql,"[{""id"": 3, ""op"": ""eq"", ""predicate_id"": 1, ""property"": ""gender"", ""target"": ""vertex"", ""value"": {""String"": ""male""}}, {""id"": 1, ""op"": ""ge"", ""predicate_id"": 2, ""property"": ""creationdate"", ""target"": ""edge"", ""value"": {""Int64"": 1262304000000}}, {""id"": 1, ""op"": ""ge"", ""predicate_id"": 3, ""property"": ""deletiondate"", ""target"": ""edge"", ""value"": {""Int64"": 1356998400000}}]"
lsqb,q6,q6_05,2,1218419679,experiment/patterns/gcard/lsqb_glogs_with_pred_10/lsqb/q6_05.json,experiment/patterns/sql/lsqb_glogs_with_pred_10/lsqb/q6_05.sql,"[{""id"": 2, ""op"": ""ge"", ""predicate_id"": 1, ""property"": ""creationdate"", ""target"": ""vertex"", ""value"": {""Int64"": 1285917807738}}, {""id"": 1, ""op"": ""ge"", ""predicate_id"": 2, ""property"": ""creationdate"", ""target"": ""edge"", ""value"": {""Int64"": 1262304000000}}]"
lsqb,q6,q6_06,4,226817789,experiment/patterns/gcard/lsqb_glogs_with_pred_10/lsqb/q6_06.json,experiment/patterns/sql/lsqb_glogs_with_pred_10/lsqb/q6_06.sql,"[{""id"": 3, ""op"": ""eq"", ""predicate_id"": 1, ""property"": ""gender"", ""target"": ""vertex"", ""value"": {""String"": ""male""}}, {""id"": 1, ""op"": ""ge"", ""predicate_id"": 2, ""property"": ""creationdate"", ""target"": ""edge"", ""value"": {""Int64"": 1262304000000}}, {""id"": 1, ""op"": ""ge"", ""predicate_id"": 3, ""property"": ""deletiondate"", ""target"": ""edge"", ""value"": {""Int64"": 1356998400000}}, {""id"": 3, ""op"": ""eq"", ""predicate_id"": 4, ""property"": ""browserused"", ""target"": ""vertex"", ""value"": {""String"": ""Chrome""}}]"
lsqb,q6,q6_07,3,254150,experiment/patterns/gcard/lsqb_glogs_with_pred_10/lsqb/q6_07.json,experiment/patterns/sql/lsqb_glogs_with_pred_10/lsqb/q6_07.sql,"[{""id"": 3, ""op"": ""ge"", ""predicate_id"": 1, ""property"": ""birthday"", ""target"": ""vertex"", ""value"": {""Int64"": 520905600000}}, {""id"": 1, ""op"": ""ge"", ""predicate_id"": 2, ""property"": ""creationdate"", ""target"": ""edge"", ""value"": {""Int64"": 1262304000000}}, {""id"": 4, ""op"": ""eq"", ""predicate_id"": 3, ""property"": ""name"", ""target"": ""vertex"", ""value"": {""String"": ""Rumi""}}]"
lsqb,q6,q6_08,2,738548,experiment/patterns/gcard/lsqb_glogs_with_pred_10/lsqb/q6_08.json,experiment/patterns/sql/lsqb_glogs_with_pred_10/lsqb/q6_08.sql,"[{""id"": 4, ""op"": ""eq"", ""predicate_id"": 1, ""property"": ""name"", ""target"": ""vertex"", ""value"": {""String"": ""Rumi""}}, {""id"": 1, ""op"": ""ge"", ""predicate_id"": 2, ""property"": ""creationdate"", ""target"": ""edge"", ""value"": {""Int64"": 1262304000000}}]"
lsqb,q6,q6_09,4,738548,experiment/patterns/gcard/lsqb_glogs_with_pred_10/lsqb/q6_09.json,experiment/patterns/sql/lsqb_glogs_with_pred_10/lsqb/q6_09.sql,"[{""id"": 1, ""op"": ""ge"", ""predicate_id"": 1, ""property"": ""birthday"", ""target"": ""vertex"", ""value"": {""Int64"": 315532800000}}, {""id"": 1, ""op"": ""ge"", ""predicate_id"": 2, ""property"": ""creationdate"", ""target"": ""edge"", ""value"": {""Int64"": 1262304000000}}, {""id"": 4, ""op"": ""eq"", ""predicate_id"": 3, ""property"": ""name"", ""target"": ""vertex"", ""value"": {""String"": ""Rumi""}}, {""id"": 1, ""op"": ""ge"", ""predicate_id"": 4, ""property"": ""creationdate"", ""target"": ""vertex"", ""value"": {""Int64"": 1262304000000}}]"
lsqb,q6,q6_10,4,824368763,experiment/patterns/gcard/lsqb_glogs_with_pred_10/lsqb/q6_10.json,experiment/patterns/sql/lsqb_glogs_with_pred_10/lsqb/q6_10.sql,"[{""id"": 1, ""op"": ""ge"", ""predicate_id"": 1, ""property"": ""birthday"", ""target"": ""vertex"", ""value"": {""Int64"": 315532800000}}, {""id"": 1, ""op"": ""le"", ""predicate_id"": 2, ""property"": ""deletiondate"", ""target"": ""edge"", ""value"": {""Int64"": 1577664000000}}, {""id"": 1, ""op"": ""eq"", ""predicate_id"": 3, ""property"": ""gender"", ""target"": ""vertex"", ""value"": {""String"": ""male""}}, {""id"": 1, ""op"": ""ge"", ""predicate_id"": 4, ""property"": ""creationdate"", ""target"": ""vertex"", ""value"": {""Int64"": 1262304000000}}]"
lsqb,q8,q8_01,3,395534,experiment/patterns/gcard/lsqb_glogs_with_pred_10/lsqb/q8_01.json,experiment/patterns/sql/lsqb_glogs_with_pred_10/lsqb/q8_01.sql,"[{""id"": 2, ""op"": ""ge"", ""predicate_id"": 1, ""property"": ""length"", ""target"": ""vertex"", ""value"": {""Int64"": 120}}, {""id"": 2, ""op"": ""eq"", ""predicate_id"": 2, ""property"": ""explicitlydeleted"", ""target"": ""vertex"", ""value"": {""Boolean"": false}}, {""id"": 1, ""op"": ""ge"", ""predicate_id"": 3, ""property"": ""creationdate"", ""target"": ""edge"", ""value"": {""Int64"": 1262304000000}}]"
lsqb,q8,q8_02,2,1386156,experiment/patterns/gcard/lsqb_glogs_with_pred_10/lsqb/q8_02.json,experiment/patterns/sql/lsqb_glogs_with_pred_10/lsqb/q8_02.sql,"[{""id"": 2, ""op"": ""eq"", ""predicate_id"": 1, ""property"": ""browserused"", ""target"": ""vertex"", ""value"": {""String"": ""Firefox""}}, {""id"": 1, ""op"": ""ge"", ""predicate_id"": 2, ""property"": ""creationdate"", ""target"": ""edge"", ""value"": {""Int64"": 1262304000000}}]"
lsqb,q8,q8_03,4,3489,experiment/patterns/gcard/lsqb_glogs_with_pred_10/lsqb/q8_03.json,experiment/patterns/sql/lsqb_glogs_with_pred_10/lsqb/q8_03.sql,"[{""id"": 2, ""op"": ""le"", ""predicate_id"": 1, ""property"": ""creationdate"", ""target"": ""vertex"", ""value"": {""Int64"": 1285917807738}}, {""id"": 2, ""op"": ""eq"", ""predicate_id"": 2, ""property"": ""explicitlydeleted"", ""target"": ""vertex"", ""value"": {""Boolean"": false}}, {""id"": 1, ""op"": ""ge"", ""predicate_id"": 3, ""property"": ""creationdate"", ""target"": ""edge"", ""value"": {""Int64"": 1262304000000}}, {""id"": 3, ""op"": ""eq"", ""predicate_id"": 4, ""property"": ""browserused"", ""target"": ""vertex"", ""value"": {""String"": ""Chrome""}}]"
lsqb,q8,q8_04,3,924121,experiment/patterns/gcard/lsqb_glogs_with_pred_10/lsqb/q8_04.json,experiment/patterns/sql/lsqb_glogs_with_pred_10/lsqb/q8_04.sql,"[{""id"": 3, ""op"": ""eq"", ""predicate_id"": 1, ""property"": ""browserused"", ""target"": ""vertex"", ""value"": {""String"": ""Chrome""}}, {""id"": 1, ""op"": ""ge"", ""predicate_id"": 2, ""property"": ""creationdate"", ""target"": ""edge"", ""value"": {""Int64"": 1262304000000}}, {""id"": 3, ""op"": ""eq"", ""predicate_id"": 3, ""property"": ""explicitlydeleted"", ""target"": ""vertex"", ""value"": {""Boolean"": false}}]"
lsqb,q8,q8_05,2,3461237,experiment/patterns/gcard/lsqb_glogs_with_pred_10/lsqb/q8_05.json,experiment/patterns/sql/lsqb_glogs_with_pred_10/lsqb/q8_05.sql,"[{""id"": 3, ""op"": ""ge"", ""predicate_id"": 1, ""property"": ""creationdate"", ""target"": ""vertex"", ""value"": {""Int64"": 1262304000000}}, {""id"": 3, ""op"": ""eq"", ""predicate_id"": 2, ""property"": ""explicitlydeleted"", ""target"": ""vertex"", ""value"": {""Boolean"": false}}]"
lsqb,q8,q8_06,4,3563,experiment/patterns/gcard/lsqb_glogs_with_pred_10/lsqb/q8_06.json,experiment/patterns/sql/lsqb_glogs_with_pred_10/lsqb/q8_06.sql,"[{""id"": 4, ""op"": ""eq"", ""predicate_id"": 1, ""property"": ""name"", ""target"": ""vertex"", ""value"": {""String"": ""Rumi""}}, {""id"": 1, ""op"": ""ge"", ""predicate_id"": 2, ""property"": ""creationdate"", ""target"": ""edge"", ""value"": {""Int64"": 1262304000000}}, {""id"": 3, ""op"": ""eq"", ""predicate_id"": 3, ""property"": ""explicitlydeleted"", ""target"": ""vertex"", ""value"": {""Boolean"": false}}, {""id"": 1, ""op"": ""ge"", ""predicate_id"": 4, ""property"": ""deletiondate"", ""target"": ""edge"", ""value"": {""Int64"": 1356998400000}}]"
lsqb,q8,q8_07,3,3461237,experiment/patterns/gcard/lsqb_glogs_with_pred_10/lsqb/q8_07.json,experiment/patterns/sql/lsqb_glogs_with_pred_10/lsqb/q8_07.sql,"[{""id"": 2, ""op"": ""ge"", ""predicate_id"": 1, ""property"": ""length"", ""target"": ""vertex"", ""value"": {""Int64"": 2}}, {""id"": 3, ""op"": ""eq"", ""predicate_id"": 2, ""property"": ""explicitlydeleted"", ""target"": ""vertex"", ""value"": {""Boolean"": false}}, {""id"": 1, ""op"": ""ge"", ""predicate_id"": 3, ""property"": ""creationdate"", ""target"": ""edge"", ""value"": {""Int64"": 1262304000000}}]"
lsqb,q8,q8_08,2,1632,experiment/patterns/gcard/lsqb_glogs_with_pred_10/lsqb/q8_08.json,experiment/patterns/sql/lsqb_glogs_with_pred_10/lsqb/q8_08.sql,"[{""id"": 1, ""op"": ""eq"", ""predicate_id"": 1, ""property"": ""name"", ""target"": ""vertex"", ""value"": {""String"": ""Rumi""}}, {""id"": 1, ""op"": ""ge"", ""predicate_id"": 2, ""property"": ""creationdate"", ""target"": ""edge"", ""value"": {""Int64"": 1325376000000}}]"
lsqb,q8,q8_09,4,1872,experiment/patterns/gcard/lsqb_glogs_with_pred_10/lsqb/q8_09.json,experiment/patterns/sql/lsqb_glogs_with_pred_10/lsqb/q8_09.sql,"[{""id"": 2, ""op"": ""ge"", ""predicate_id"": 1, ""property"": ""length"", ""target"": ""vertex"", ""value"": {""Int64"": 2}}, {""id"": 2, ""op"": ""eq"", ""predicate_id"": 2, ""property"": ""explicitlydeleted"", ""target"": ""vertex"", ""value"": {""Boolean"": false}}, {""id"": 1, ""op"": ""le"", ""predicate_id"": 3, ""property"": ""deletiondate"", ""target"": ""edge"", ""value"": {""Int64"": 1356998400000}}, {""id"": 1, ""op"": ""eq"", ""predicate_id"": 4, ""property"": ""name"", ""target"": ""vertex"", ""value"": {""String"": ""Rumi""}}]"
lsqb,q8,q8_10,3,6,experiment/patterns/gcard/lsqb_glogs_with_pred_10/lsqb/q8_10.json,experiment/patterns/sql/lsqb_glogs_with_pred_10/lsqb/q8_10.sql,"[{""id"": 1, ""op"": ""eq"", ""predicate_id"": 1, ""property"": ""name"", ""target"": ""vertex"", ""value"": {""String"": ""Rumi""}}, {""id"": 2, ""op"": ""le"", ""predicate_id"": 2, ""property"": ""creationdate"", ""target"": ""edge"", ""value"": {""Int64"": 1285917807738}}, {""id"": 2, ""op"": ""eq"", ""predicate_id"": 3, ""property"": ""explicitlydeleted"", ""target"": ""vertex"", ""value"": {""Boolean"": false}}]"
lsqb,q9,q9_01,3,12590176,experiment/patterns/gcard/lsqb_glogs_with_pred_10/lsqb/q9_01.json,experiment/patterns/sql/lsqb_glogs_with_pred_10/lsqb/q9_01.sql,"[{""id"": 1, ""op"": ""ge"", ""predicate_id"": 1, ""property"": ""birthday"", ""target"": ""vertex"", ""value"": {""Int64"": 520905600000}}, {""id"": 1, ""op"": ""ge"", ""predicate_id"": 2, ""property"": ""creationdate"", ""target"": ""edge"", ""value"": {""Int64"": 1262304000000}}, {""id"": 2, ""op"": ""eq"", ""predicate_id"": 3, ""property"": ""gender"", ""target"": ""vertex"", ""value"": {""String"": ""male""}}]"
lsqb,q9,q9_02,2,35480822,experiment/patterns/gcard/lsqb_glogs_with_pred_10/lsqb/q9_02.json,experiment/patterns/sql/lsqb_glogs_with_pred_10/lsqb/q9_02.sql,"[{""id"": 2, ""op"": ""eq"", ""predicate_id"": 1, ""property"": ""gender"", ""target"": ""vertex"", ""value"": {""String"": ""male""}}, {""id"": 1, ""op"": ""ge"", ""predicate_id"": 2, ""property"": ""creationdate"", ""target"": ""edge"", ""value"": {""Int64"": 1262304000000}}]"
lsqb,q9,q9_03,4,35480822,experiment/patterns/gcard/lsqb_glogs_with_pred_10/lsqb/q9_03.json,experiment/patterns/sql/lsqb_glogs_with_pred_10/lsqb/q9_03.sql,"[{""id"": 2, ""op"": ""ge"", ""predicate_id"": 1, ""property"": ""birthday"", ""target"": ""vertex"", ""value"": {""Int64"": 315532800000}}, {""id"": 1, ""op"": ""ge"", ""predicate_id"": 2, ""property"": ""creationdate"", ""target"": ""edge"", ""value"": {""Int64"": 1262304000000}}, {""id"": 2, ""op"": ""eq"", ""predicate_id"": 3, ""property"": ""gender"", ""target"": ""vertex"", ""value"": {""String"": ""male""}}, {""id"": 2, ""op"": ""ge"", ""predicate_id"": 4, ""property"": ""creationdate"", ""target"": ""vertex"", ""value"": {""Int64"": 1262304000000}}]"
lsqb,q9,q9_04,3,34641532,experiment/patterns/gcard/lsqb_glogs_with_pred_10/lsqb/q9_04.json,experiment/patterns/sql/lsqb_glogs_with_pred_10/lsqb/q9_04.sql,"[{""id"": 3, ""op"": ""eq"", ""predicate_id"": 1, ""property"": ""gender"", ""target"": ""vertex"", ""value"": {""String"": ""male""}}, {""id"": 1, ""op"": ""ge"", ""predicate_id"": 2, ""property"": ""creationdate"", ""target"": ""edge"", ""value"": {""Int64"": 1262304000000}}, {""id"": 1, ""op"": ""ge"", ""predicate_id"": 3, ""property"": ""deletiondate"", ""target"": ""edge"", ""value"": {""Int64"": 1356998400000}}]"
lsqb,q9,q9_05,2,52663617,experiment/patterns/gcard/lsqb_glogs_with_pred_10/lsqb/q9_05.json,experiment/patterns/sql/lsqb_glogs_with_pred_10/lsqb/q9_05.sql,"[{""id"": 2, ""op"": ""ge"", ""predicate_id"": 1, ""property"": ""creationdate"", ""target"": ""vertex"", ""value"": {""Int64"": 1285917807738}}, {""id"": 1, ""op"": ""ge"", ""predicate_id"": 2, ""property"": ""creationdate"", ""target"": ""edge"", ""value"": {""Int64"": 1262304000000}}]"
lsqb,q9,q9_06,4,9673444,experiment/patterns/gcard/lsqb_glogs_with_pred_10/lsqb/q9_06.json,experiment/patterns/sql/lsqb_glogs_with_pred_10/lsqb/q9_06.sql,"[{""id"": 3, ""op"": ""eq"", ""predicate_id"": 1, ""property"": ""gender"", ""target"": ""vertex"", ""value"": {""String"": ""male""}}, {""id"": 1, ""op"": ""ge"", ""predicate_id"": 2, ""property"": ""creationdate"", ""target"": ""edge"", ""value"": {""Int64"": 1262304000000}}, {""id"": 1, ""op"": ""ge"", ""predicate_id"": 3, ""property"": ""deletiondate"", ""target"": ""edge"", ""value"": {""Int64"": 1356998400000}}, {""id"": 3, ""op"": ""eq"", ""predicate_id"": 4, ""property"": ""browserused"", ""target"": ""vertex"", ""value"": {""String"": ""Chrome""}}]"
lsqb,q9,q9_07,3,13836,experiment/patterns/gcard/lsqb_glogs_with_pred_10/lsqb/q9_07.json,experiment/patterns/sql/lsqb_glogs_with_pred_10/lsqb/q9_07.sql,"[{""id"": 3, ""op"": ""ge"", ""predicate_id"": 1, ""property"": ""birthday"", ""target"": ""vertex"", ""value"": {""Int64"": 520905600000}}, {""id"": 1, ""op"": ""ge"", ""predicate_id"": 2, ""property"": ""creationdate"", ""target"": ""edge"", ""value"": {""Int64"": 1262304000000}}, {""id"": 4, ""op"": ""eq"", ""predicate_id"": 3, ""property"": ""name"", ""target"": ""vertex"", ""value"": {""String"": ""Rumi""}}]"
lsqb,q9,q9_08,2,38356,experiment/patterns/gcard/lsqb_glogs_with_pred_10/lsqb/q9_08.json,experiment/patterns/sql/lsqb_glogs_with_pred_10/lsqb/q9_08.sql,"[{""id"": 4, ""op"": ""eq"", ""predicate_id"": 1, ""property"": ""name"", ""target"": ""vertex"", ""value"": {""String"": ""Rumi""}}, {""id"": 1, ""op"": ""ge"", ""predicate_id"": 2, ""property"": ""creationdate"", ""target"": ""edge"", ""value"": {""Int64"": 1262304000000}}]"
lsqb,q9,q9_09,4,38356,experiment/patterns/gcard/lsqb_glogs_with_pred_10/lsqb/q9_09.json,experiment/patterns/sql/lsqb_glogs_with_pred_10/lsqb/q9_09.sql,"[{""id"": 1, ""op"": ""ge"", ""predicate_id"": 1, ""property"": ""birthday"", ""target"": ""vertex"", ""value"": {""Int64"": 315532800000}}, {""id"": 1, ""op"": ""ge"", ""predicate_id"": 2, ""property"": ""creationdate"", ""target"": ""edge"", ""value"": {""Int64"": 1262304000000}}, {""id"": 4, ""op"": ""eq"", ""predicate_id"": 3, ""property"": ""name"", ""target"": ""vertex"", ""value"": {""String"": ""Rumi""}}, {""id"": 1, ""op"": ""ge"", ""predicate_id"": 4, ""property"": ""creationdate"", ""target"": ""vertex"", ""value"": {""Int64"": 1262304000000}}]"
lsqb,q9,q9_10,4,35480822,experiment/patterns/gcard/lsqb_glogs_with_pred_10/lsqb/q9_10.json,experiment/patterns/sql/lsqb_glogs_with_pred_10/lsqb/q9_10.sql,"[{""id"": 1, ""op"": ""ge"", ""predicate_id"": 1, ""property"": ""birthday"", ""target"": ""vertex"", ""value"": {""Int64"": 315532800000}}, {""id"": 1, ""op"": ""le"", ""predicate_id"": 2, ""property"": ""deletiondate"", ""target"": ""edge"", ""value"": {""Int64"": 1577664000000}}, {""id"": 1, ""op"": ""eq"", ""predicate_id"": 3, ""property"": ""gender"", ""target"": ""vertex"", ""value"": {""String"": ""male""}}, {""id"": 1, ""op"": ""ge"", ""predicate_id"": 4, ""property"": ""creationdate"", ""target"": ""vertex"", ""value"": {""Int64"": 1262304000000}}]"
